FECHA,CONTRATO,PARTIDA,Descripción detallada de los bienes                                                                (principio activo),,,,
2014-12-30,PEMEX1,1,ABACABIR SULFATO/LAMIVUDINA,ABACABIR SULFATO/LAMIVUDINACAJA 30 TABLETAS 600/300 MG,0,0,-
2014-12-30,PEMEX1,2,ABCIXIMAB,ABCIXIMABFRASCO AMPULA 5 ML 10 MG,0,0,-
2014-12-30,PEMEX1,3,ACEITE INSAPONIFICABLE DE PERSEA GRATISSIMA Y GLYCINE MAX,ACEITE INSAPONIFICABLE DE PERSEA GRATISSIMA Y GLYCINE MAXCAJA CON 15 CAPSULAS 100/200 MG,0,0,-
2014-12-30,PEMEX1,4,ACEITE MINERAL / LANOLINA ANHIDRA,ACEITE MINERAL / LANOLINA ANHIDRATUBO UNGÜENTO 3.5 G 30 / 30 MG,0,0,-
2014-12-30,PEMEX1,5,ACEMETACINA,ACEMETACINACAJA CON 28 CAPSULAS 60 MG,0,0,-
2014-12-30,PEMEX1,6,ACENOCUMAROL,ACENOCUMAROLCAJA CON 30 TABLETAS 4 MG,0,0,-
2014-12-30,PEMEX1,7,ACETILSALICILICO ACIDO,ACETILSALICILICO ACIDOCAJA CON 28 COMPRIMIDOS 100 MG,0,0,-
2014-12-30,PEMEX1,8,ACETOZOLAMIDA,ACETOZOLAMIDAFRASCO 30 TABLETAS 250 MG,0,0,-
2014-12-30,PEMEX1,9,ACEXAMATO DE SODIO/ SULFATO DE NEOMICINA EQUIVALENTE DE NEOMICINA,ACEXAMATO DE SODIO/ SULFATO DE NEOMICINA EQUIVALENTE DE NEOMICINAUNGÜENTO TUBO 40 G 5 G/0.4 G 100 G,0,0,-
2014-12-30,PEMEX1,10,ACICLOVIR,ACICLOVIRTUBO UNGÜENTO 4.5 G 30 MG/G,0,0,-
2014-12-30,PEMEX1,11,ACICLOVIR,ACICLOVIRFRASCO SUSPENSION 120 ML 4 G/100 ML,0,0,-
2014-12-30,PEMEX1,12,ACICLOVIR,ACICLOVIRCAJA CON 35 TABLETAS 400 MG,0,0,-
2014-12-30,PEMEX1,13,ACICLOVIR,ACICLOVIRTUBO CREMA 5 G 0.05 G/G,0,0,-
2014-12-30,PEMEX1,14,ACICLOVIR,ACICLOVIRCAJA CON 25 COMPRIMIDOS 200MG,0,0,-
2014-12-30,PEMEX1,15,"ACIDO ASCORBICO 
","ACIDO ASCORBICO (VITAMINA C) 100 MG  ACIDO FOLICO. 0.4 MG  BIOTINA 0.060MG 
CIANOCOBALAMINA (VITAMINA B12) 0.005 MG  DEXPANTENOL EQUIVALENTE A DE ACIDO PANTOTENOICO 15 MG  5-FOSFATO SODICO DE RIBOFLAVINA DIHIDRATADA EQUIVALENTE A DE RIBOFLAVINA (VITAMINA B2) 3.6MG  NICOTINAMIDA (NIACINAMIDA)
40 MG  CLORHIDRATO DE PIRIDOXINA EQUIVALENTE A DE PIRIDOXINA (VITAMINA B6) 4
MG  CLORHIDRATO DE TIAMINA EQUIVALENTE A DE TIAMINA (VITAMINA B1) 3MG  RETINOL (PALMITATO DE VITAMINA A) 3 300 U.I.  COLECALCIFEROL (VITAMINA D3). 200
U.I.  ACETATO DE DL-ALFATOCOFEROL (VITAMINA E). 10 U.I.  FITOMENADIONA (VITAMINA K1). 0.2 MG 
FRASCO AMPULA LIOFILIZADO 5 ML 100 MG/0.4 MG/0.060 MG/0.005 MG/15 MG/3.6 MG/40 MG/4 MG/3 MG/3 300 U.I./200 U.I./10 U.I./0.2 MG",0,0,-
2014-12-30,PEMEX1,16,ADALIMUMAB,ADALIMUMABCAJA CON SOLUCION INYECTABLE 40MG/0.8 ML EN JERINGA PRELLENADA,0,0,-
2014-12-30,PEMEX1,17,ALBENDAZOL,ALBENDAZOLFRASCO SOLUCION 10 ML 200 MG,0,0,-
2014-12-30,PEMEX1,18,ALBENDAZOL,ALBENDAZOLCAJA CON 6 TABLETAS 200 MG,0,0,-
2014-12-30,PEMEX1,19,ALBENDAZOL/QUINFAMIDA,ALBENDAZOL/QUINFAMIDACAJA CON 2 TABLETAS 200 MG/150 MG,0,0,-
2014-12-30,PEMEX1,20,ALBENDAZOL/QUINFAMIDA,ALBENDAZOL/QUINFAMIDAFRASCO SUSPENSIÓN 400MG/100MG 10 ML,0,0,-
2014-12-30,PEMEX1,21,ALENDRONATO SODICO,ALENDRONATO SODICOCAJA 4 COMPRIMIDOS O GRAGEAS 70 MG,0,0,-
2014-12-30,PEMEX1,22,ALFACALCIDOL,ALFACALCIDOLCAJA CON 30 CAPSULAS 1 MCG,0,0,-
2014-12-30,PEMEX1,23,ALFAMETILDOPA (METILDOPA),ALFAMETILDOPA (METILDOPA)CAJA CON 30 TABLETAS 250 MG,0,0,-
2014-12-30,PEMEX1,24,ALFUZOSINA CLORHIDRATO DE,ALFUZOSINA CLORHIDRATO DECAJA CON 28 TABLETAS DE LIBERACION PROLONGADA 10 MG,0,0,-
2014-12-30,PEMEX1,25,ALISKIREN  HEMIFUMARATO DE/HIDROCLOROTIAZIDA,ALISKIREN  HEMIFUMARATO DE/HIDROCLOROTIAZIDACAJA CON 28 COMPRIMIDOS 300/12.5 MG,0,0,-
2014-12-30,PEMEX1,26,ALISKIRENO HEMIFUMARATO DE,ALISKIRENO HEMIFUMARATO DECAJA CON 28 COMPRIMIDOS 300 MG,0,0,-
2014-12-30,PEMEX1,27,ALOGLUTAMOL,ALOGLUTAMOLFRASCO POLVO 120 ML 1 G / 5 ML,0,0,-
2014-12-30,PEMEX1,28,ALOPURINOL,ALOPURINOLCAJA CON 20 TABLETAS 300 MG,0,0,-
2014-12-30,PEMEX1,29,ALPRAZOLAM,ALPRAZOLAMCAJA CON 30 TABLETAS 0.50 MG,0,0,-
2014-12-30,PEMEX1,30,ALPRAZOLAM,ALPRAZOLAMCAJA CON 30 TABLETAS 0.25 MG,0,0,-
2014-12-30,PEMEX1,31,ALPRAZOLAM,ALPRAZOLAMCAJA CON 30 TABLETAS 1 MG,0,0,-
2014-12-30,PEMEX1,32,ALQUITRAN DE HULLA / ALANTOINA / CLIOQUINOL,ALQUITRAN DE HULLA / ALANTOINA / CLIOQUINOLFRASCO SOLUCIÓN 150G 5G / 0.2G / 3G 100 G,0,0,-
2014-12-30,PEMEX1,33,ALUMINIO HIDROXIDO DE- MAGNESIO HIDROXIDO DE-DIMETICONA,ALUMINIO HIDROXIDO DE- MAGNESIO HIDROXIDO DE-DIMETICONAFRASCO SUSPENSION 360 ML 3.7/4/0.5 G/100 ML,0,0,-
2014-12-30,PEMEX1,34,AMANTADINA,AMANTADINACAJA CON 30 TABLETAS 100 MG,0,0,-
2014-12-30,PEMEX1,35,AMBROXOL,AMBROXOLFRASCO SOLUCION GOTERO 30 ML 0.750 G/100 ML,0,0,-
2014-12-30,PEMEX1,36,AMBROXOL,AMBROXOLFRASCO SOLUCION 120 ML 300 MG/100 ML,0,0,-
2014-12-30,PEMEX1,37,AMBROXOL CLORHIDRATO,AMBROXOL CLORHIDRATOCAJA CON 20 COMPRIMIDOS O TABLETAS 0.030 G,0,0,-
2014-12-30,PEMEX1,38,AMIKACINA SULFATO DE,AMIKACINA SULFATO DEFRASCO AMPULA 2 ML 500 MG,0,0,-
2014-12-30,PEMEX1,39,AMIKACINA SULFATO DE,AMIKACINA SULFATO DEFRASCO AMPULA 2 ML 100 MG,0,0,-
2014-12-30,PEMEX1,40,AMILORIDA-HIDROCLOROTIAZIDA,AMILORIDA-HIDROCLOROTIAZIDACAJA CON 30 TABLETAS 5/50 MG,0,0,-
2014-12-30,PEMEX1,41,AMINOFENAZONA/BUFENINA/DIFENILPIRALINA,AMINOFENAZONA/BUFENINA/DIFENILPIRALINACAJA CON 20 CAPSULAS 40/1.5 /1.5 MG,0,0,-
2014-12-30,PEMEX1,42,AMINOFENAZONA/BUFENINA/DIFENILPIRALINA,AMINOFENAZONA/BUFENINA/DIFENILPIRALINAFRASCO SOLUCION PEDIATRICA 25 ML 2 G / 75 / 75 MG / 100 ML,0,0,-
2014-12-30,PEMEX1,43,AMIODARONA,AMIODARONACAJA CON 20 TABLETAS 200 MG,0,0,-
2014-12-30,PEMEX1,44,AMITRIPTILINA  CLORHIDRATO DE,AMITRIPTILINA  CLORHIDRATO DECAJA CON 50 TABLETAS 25 MG,0,0,-
2014-12-30,PEMEX1,45,AMLODIPINA BESILATO DE,AMLODIPINA BESILATO DECAJA CON 30 TABLETAS 5 MG,0,0,-
2014-12-30,PEMEX1,46,AMLODIPINA BESILATO DE / VALSARTAN,AMLODIPINA BESILATO DE / VALSARTANCAJA CON 28 COMPRIMIDOS 5 MG/160 MG,0,0,-
2014-12-30,PEMEX1,47,AMLODIPINA BESILATO DE / VALSARTAN / HIDROCLOROTIAZIDA,AMLODIPINA BESILATO DE / VALSARTAN / HIDROCLOROTIAZIDACAJA 28 COMPRIMIDOS 5 MG / 160 MG / 12.5 MG,0,0,-
2014-12-30,PEMEX1,48,AMOXICILINA TRIHIDRATADA,AMOXICILINA TRIHIDRATADAFRASCO SUSPENSION 75 ML 500 MG,0,0,-
2014-12-30,PEMEX1,49,AMOXICILINA TRIHIDRATADA,AMOXICILINA TRIHIDRATADAFRASCO SUSPENSION 75 ML 250 MG,0,0,-
2014-12-30,PEMEX1,50,AMOXICILINA TRIHIDRATADA,AMOXICILINA TRIHIDRATADACAJA CON 12 CAPSULAS 500 MG,0,0,-
2014-12-30,PEMEX1,51,AMOXICILINA TRIHIDRATADA/BROMHEXINA CLORHIDRATO DE,AMOXICILINA TRIHIDRATADA/BROMHEXINA CLORHIDRATO DEFRASCO SUSPENSION 75 ML 250/8 MG /5ML,0,0,-
2014-12-30,PEMEX1,52,AMOXICILINA TRIHIDRATADA/BROMHEXINA CLORHIDRATO DE,AMOXICILINA TRIHIDRATADA/BROMHEXINA CLORHIDRATO DECAJA CON 12 CAPSULAS 500/8 MG,0,0,-
2014-12-30,PEMEX1,53,AMOXICILINA TRIHIDRATADA/CLAVULANATO DE POTASIO,AMOXICILINA TRIHIDRATADA/CLAVULANATO DE POTASIOFRASCO SUSPENSION 60 ML 125 MG/31.25 MG,0,0,-
2014-12-30,PEMEX1,54,AMOXICILINA TRIHIDRATADA/CLAVULANATO DE POTASIO (CLAVULANICO ACIDO),AMOXICILINA TRIHIDRATADA/CLAVULANATO DE POTASIO (CLAVULANICO ACIDO)FRASCO SUSPENSION 50 ML 400/57 MG /5 ML,0,0,-
2014-12-30,PEMEX1,55,AMOXICILINA TRIHIDRATADA/CLAVULANATO DE POTASIO (CLAVULANICO ACIDO),AMOXICILINA TRIHIDRATADA/CLAVULANATO DE POTASIO (CLAVULANICO ACIDO)FRASCO SUSPENSION 75 ML 250/62.5 MG,0,0,-
2014-12-30,PEMEX1,56,AMOXICILINA TRIHIDRATADA/CLAVULANATO DE POTASIO (CLAVULANICO ACIDO),AMOXICILINA TRIHIDRATADA/CLAVULANATO DE POTASIO (CLAVULANICO ACIDO)FRASCO 15 TABLETAS 500/125 MG,0,0,-
2014-12-30,PEMEX1,57,AMPICILINA,AMPICILINAFRASCO AMPULA 1GR,0,0,-
2014-12-30,PEMEX1,58,AMPICILINA,AMPICILINAFRASCO AMPULA 500 MG,0,0,-
2014-12-30,PEMEX1,59,AMPICILINA TRIHIDRATADA,AMPICILINA TRIHIDRATADAFRASCO SUSPENSION 90 ML 250 MG,0,0,-
2014-12-30,PEMEX1,60,AMPICILINA TRIHIDRATADA,AMPICILINA TRIHIDRATADACAJA CON 12 COMPRIMIDOS 1 G,0,0,-
2014-12-30,PEMEX1,61,ANASTROZOL,ANASTROZOLCAJA CON 28 TABLETAS 1 MG,0,0,-
2014-12-30,PEMEX1,62,ANFEBUTANONA,ANFEBUTANONACAJA CON 15 TABLETAS 150 MG,0,0,-
2014-12-30,PEMEX1,63,APREPITANT,APREPITANTCAJA 1 CAPSULA 125 MG Y 2 CAPSULAS DE 80 MG,0,0,-
2014-12-30,PEMEX1,64,ARIPIPRAZOLE,ARIPIPRAZOLECAJA CON 20 TABLETAS 15 MG,0,0,-
2014-12-30,PEMEX1,65,ASCORBICO ACIDO,ASCORBICO ACIDOCAJA CON 10 COMPRIMIDOS EFERVESCENTE 2 GR,0,0,-
2014-12-30,PEMEX1,66,ATENOLOL,ATENOLOLCAJA CON 28 TABLETAS 50 MG,0,0,-
2014-12-30,PEMEX1,67,ATENOLOL-CLORTALIDONA,ATENOLOL-CLORTALIDONACAJA CON 28 TABLETAS 100/25 MG,0,0,-
2014-12-30,PEMEX1,68,ATENOLOL-CLORTALIDONA,ATENOLOL-CLORTALIDONACAJA CON 28 TABLETAS 50/12.5 MG,0,0,-
2014-12-30,PEMEX1,69,ATOMOXETINA CLORHIDRATO,ATOMOXETINA CLORHIDRATOCAJA CON 14 CAPSULAS 40 MG,0,0,-
2014-12-30,PEMEX1,70,ATOMOXETINA CLORHIDRATO,ATOMOXETINA CLORHIDRATOCAJA CON 14 CAPSULAS 18 MG,0,0,-
2014-12-30,PEMEX1,71,ATOMOXETINA CLORHIDRATO,ATOMOXETINA CLORHIDRATOCAJA CON 14 CAPSULAS 25 MG,0,0,-
2014-12-30,PEMEX1,72,ATOMOXETINA CLORHIDRATO,ATOMOXETINA CLORHIDRATOCAJA 14 CAPSULAS 10 MG,0,0,-
2014-12-30,PEMEX1,73,ATOMOXETINA CLORHIDRATO,ATOMOXETINA CLORHIDRATOCAJA 14 CAPSULAS 60 MG,0,0,-
2014-12-30,PEMEX1,74,ATORVASTATINA,ATORVASTATINACAJA CON 15 TABLETAS 80 MG,0,0,-
2014-12-30,PEMEX1,75,ATORVASTATINA CALCICA TRIHIDRATADA,ATORVASTATINA CALCICA TRIHIDRATADACAJA CON 30 TABLETAS 20 MG,0,0,-
2014-12-30,PEMEX1,76,ATROPINA,ATROPINAFRASCO SOLUCION OFTALMICO 15 ML 1%,0,0,-
2014-12-30,PEMEX1,77,AZATIOPRINA,AZATIOPRINACAJA CON 25 TABLETAS 50 MG,0,0,-
2014-12-30,PEMEX1,78,AZITROMICINA DIHIDRATADA,AZITROMICINA DIHIDRATADAFRASCO SUSPENSION 22.5 ML 900 MG,0,0,-
2014-12-30,PEMEX1,79,AZITROMICINA DIHIDRATADA,AZITROMICINA DIHIDRATADACAJA CON 3 TABLETAS 500 MG,0,0,-
2014-12-30,PEMEX1,80,AZITROMICINA DIHIDRATADA,AZITROMICINA DIHIDRATADAFRASCO SOLUCION 15 ML 600 MG,0,0,-
2014-12-30,PEMEX1,81,BASILIXIMAB,BASILIXIMABCAJA 2 AMPULAS 5ML 20 MG,0,0,-
2014-12-30,PEMEX1,82,BENCIDAMINA CLORHIDRATO,BENCIDAMINA CLORHIDRATOFRASCO NEBULIZADOR 30 ML 0.15 G,0,0,-
2014-12-30,PEMEX1,83,BENCILPENICILINA BENZATINICA,BENCILPENICILINA BENZATINICACAJA CON FRASCO AMPULA LIOFILIZADO 1 200 000 UI,0,0,-
2014-12-30,PEMEX1,84,BENCILPENICILINA BENZATINICA-BENCILPENICILINA PROCAINICA-BENCILPENICILINACRISTALINA,BENCILPENICILINA BENZATINICA-BENCILPENICILINA PROCAINICA-BENCILPENICILINACRISTALINACAJA CON FRASCO AMPULA 3 ML 600 000/300 000/300 000 UI,0,0,-
2014-12-30,PEMEX1,85,BENCILPENICILINA CLEMIZOL-BENCILPENICILINA SODICA CRISTALINA,BENCILPENICILINA CLEMIZOL-BENCILPENICILINA SODICA CRISTALINAFRASCO AMPULA 3 ML 800 000/200 000 U,0,0,-
2014-12-30,PEMEX1,86,BENCILPENICILINA CLEMIZOL-BENCILPENICILINA SODICA CRISTALINA,BENCILPENICILINA CLEMIZOL-BENCILPENICILINA SODICA CRISTALINAFRASCO AMPULA 2 ML 300 000/100 000 U,0,0,-
2014-12-30,PEMEX1,87,BENCILPENICILINA SODICA,BENCILPENICILINA SODICAFRASCO AMPULA 1 000 000 UI DILUYENTE >= 2 ML,0,0,-
2014-12-30,PEMEX1,88,BENCILPENICILINA SODICA,BENCILPENICILINA SODICACAJA CON FRASCO AMPULA 5 000 000 UI DILUYENTE >= 8 ML,0,0,-
2014-12-30,PEMEX1,89,BENCILPENICILINA SODICA-BENCILPENICILINA PROCAINICA,BENCILPENICILINA SODICA-BENCILPENICILINA PROCAINICACAJA CON FRASCO AMPULA 2 ML 100 000 / 300 000 UI,0,0,-
2014-12-30,PEMEX1,90,BENCILPENICILINA SODICA-BENCILPENICILINA PROCAINICA,BENCILPENICILINA SODICA-BENCILPENICILINA PROCAINICACAJA CON FRASCO AMPULA 2 ML 200 000 / 600 000 UI,0,0,-
2014-12-30,PEMEX1,91,BENZONATATO,BENZONATATOCAJA CON 20 CAPSULAS O PERLAS 100 MG,0,0,-
2014-12-30,PEMEX1,92,BETAHISTINA DICLORHIDRATO DE,BETAHISTINA DICLORHIDRATO DECAJA CON 30 TABLETAS 24 MG,0,0,-
2014-12-30,PEMEX1,93,BETAMETASONA,BETAMETASONAFRASCO SOLUCION GOTAS 60 ML 0.5 MG/ML,0,0,-
2014-12-30,PEMEX1,94,BETAMETASONA ACETATO DE-BETAMETASONA FOSFATO SODICO,BETAMETASONA ACETATO DE-BETAMETASONA FOSFATO SODICOCAJA CON 1 AMPULA 1 ML 2.71/3.0 MG,0,0,-
2014-12-30,PEMEX1,95,BETAMETASONA DIPROPIONATO DE,BETAMETASONA DIPROPIONATO DETUBO CREMA 30 G 50 MG / 100 G,0,0,-
2014-12-30,PEMEX1,96,BETAMETASONA DIPROPIONATO DE/BETAMETASONA FOSFATO SODICO,BETAMETASONA DIPROPIONATO DE/BETAMETASONA FOSFATO SODICOCAJA CON 1 JERINGA 1 ML 5/2 MG,0,0,-
2014-12-30,PEMEX1,97,BETAMETASONA/LORATADINA,BETAMETASONA/LORATADINACAJA CON 10 TABLETAS 0.25/5 MG,0,0,-
2014-12-30,PEMEX1,98,BETAMETASONA/LORATADINA,BETAMETASONA/LORATADINAFRASCO 60 ML JARABE PEDIATRICO 5/100 MG / 100 ML,0,0,-
2014-12-30,PEMEX1,99,BETAXOLOL CLORHIDRATO DE,BETAXOLOL CLORHIDRATO DEFRASCO SUSPENSION GOTAS OFTALMICAS 5 ML 2.5 MG/ML,0,0,-
2014-12-30,PEMEX1,100,BEVACIZUMAB,BEVACIZUMABFRASCO AMPULA 100 MG 4 ML,0,0,-
2014-12-30,PEMEX1,101,BEVACIZUMAB,BEVACIZUMABFRASCO AMPULA 400MG 16 ML,0,0,-
2014-12-30,PEMEX1,102,BEZAFIBRATO,BEZAFIBRATOCAJA CON 10 COMPRIMIDOS O TABLETAS LIBERACION PROLONGADA 400 MG,0,0,-
2014-12-30,PEMEX1,103,BEZAFIBRATO,BEZAFIBRATOCAJA CON 30 TABLETAS 200 MG,0,0,-
2014-12-30,PEMEX1,104,BICALUTAMIDA,BICALUTAMIDACAJA CON 28 TABLETAS 50 MG,0,0,-
2014-12-30,PEMEX1,105,BIPERIDENO,BIPERIDENOCAJA CON 30 TABLETAS 2 MG,0,0,-
2014-12-30,PEMEX1,106,BISMUTO SUBSALICILATO,BISMUTO SUBSALICILATOFRASCO SUSPENSION 118 ML 1750 MG/100 ML,0,0,-
2014-12-30,PEMEX1,107,BRIMONIDINA TARTRATO DE,BRIMONIDINA TARTRATO DEFRASCO SOLUCION 5 ML 0.2 %,0,0,-
2014-12-30,PEMEX1,108,BROMAZEPAM,BROMAZEPAMCAJA CON 30 COMPRIMIDOS 6 MG,0,0,-
2014-12-30,PEMEX1,109,BROMAZEPAM,BROMAZEPAMCAJA CON 30 COMPRIMIDOS 3 MG,0,0,-
2014-12-30,PEMEX1,110,BROMHEXINA CLORHIDRATO DE,BROMHEXINA CLORHIDRATO DEFRASCO SOLUCION 100 ML 80 MG,0,0,-
2014-12-30,PEMEX1,111,BROMHEXINA CLORHIDRATO DE,BROMHEXINA CLORHIDRATO DEFRASCO SOLUCION 100 ML 160 MG,0,0,-
2014-12-30,PEMEX1,112,BROMHIDRATO CITALOPRAM,BROMHIDRATO CITALOPRAMCAJA CON 28 TABLETAS 20 MG,0,0,-
2014-12-30,PEMEX1,113,BROMOCRIPTINA MESILATO DE,BROMOCRIPTINA MESILATO DECAJA CON 14 COMPRIMIDOS 2.5 MG,0,0,-
2014-12-30,PEMEX1,114,BROMURO DE IPRATROPIO MONOHIDRATADO EQUIVALENTE A DE BROMURO DE IPRATROPIO /SULFATO DE SALBUTAMOL EQUIVALENTE A DE SALBUTAMOL,BROMURO DE IPRATROPIO MONOHIDRATADO EQUIVALENTE A DE BROMURO DE IPRATROPIO /SULFATO DE SALBUTAMOL EQUIVALENTE A DE SALBUTAMOLCARTUCHO CON DISPOSITIVO INHALADOR 1.68 MG/8.77 MG/1 ML 4.5 ML 120 DOSIS,0,0,-
2014-12-30,PEMEX1,115,BUDESONIDA,BUDESONIDAFRASCO SUSPENSION PULVERIZADOR NASAL 120 DOSIS 1.28 MG (64 MCG / DOSIS) 6 ML.,0,0,-
2014-12-30,PEMEX1,116,BUDESONIDA,BUDESONIDAFRASCO PRESURIZADO AEROSOL 200 DOSIS 100 MCG/DOSIS,0,0,-
2014-12-30,PEMEX1,117,BUDESONIDA,BUDESONIDACAJA CON 5 FRASCOS AMPULAS 2 ML SUSPENSION P/ NEBULIZAR 0.250 MG/ML,0,0,-
2014-12-30,PEMEX1,118,BUDESONIDA MICRONISADA/FORMOTEROL FUMARATO,BUDESONIDA MICRONISADA/FORMOTEROL FUMARATOINHALADOR TURBUHALER 60 DOSIS 160MCG/4.5 MCG/DOSIS,0,0,-
2014-12-30,PEMEX1,119,BUDESONIDA MICRONIZADA / FORMOTEROL FUMARATO,BUDESONIDA MICRONIZADA / FORMOTEROL FUMARATOFRASCO INHALADOR TURBUHALER 60 DOSIS 320/9 MCG/DOSIS,0,0,-
2014-12-30,PEMEX1,120,BUMETANIDA,BUMETANIDACAJA CON 20 COMPRIMIDOS 1 MG,0,0,-
2014-12-30,PEMEX1,121,BUPRENORFINA CLORHIDRATO,BUPRENORFINA CLORHIDRATOCAJA CON 10 TABLETAS SUBLINGUAL 0.2 MG,0,0,-
2014-12-30,PEMEX1,122,BUTILHIOSCINA BROMURO DE,BUTILHIOSCINA BROMURO DECAJA CON 10 GRAGEAS 10 MG,0,0,-
2014-12-30,PEMEX1,123,BUTILHIOSCINA BROMURO DE,BUTILHIOSCINA BROMURO DEFRASCO SOLUCION GOTAS 15 ML 10 MG,0,0,-
2014-12-30,PEMEX1,124,BUTILHIOSCINA BROMURO DE,BUTILHIOSCINA BROMURO DECAJA CON 3 AMPULAS 20MG 1ML,0,0,-
2014-12-30,PEMEX1,125,BUTILHIOSCINA BROMURO DE-METAMIZOL,BUTILHIOSCINA BROMURO DE-METAMIZOLCAJA CON 3 ÁMPULAS 5ML 20 MG/ 2.5 GR,0,0,-
2014-12-30,PEMEX1,126,BUTILHIOSCINA BROMURO DE-PARACETAMOL,BUTILHIOSCINA BROMURO DE-PARACETAMOLCAJA CON 20 TABLETAS O COMPRIMIDOS O GRAGEAS 10/500 MG,0,0,-
2014-12-30,PEMEX1,127,CABERGOLINA,CABERGOLINACAJA CON 8 TABLETAS 0.5 MG,0,0,-
2014-12-30,PEMEX1,128,CALCIPOTRIOL / BETAMETASONA,CALCIPOTRIOL / BETAMETASONATUBO GEL 30GR 5MG/50MG 100G,0,0,-
2014-12-30,PEMEX1,129,CALCITRIOL,CALCITRIOLTUBO UNGÜENTO 30 G 0.3 MG/100 G,0,0,-
2014-12-30,PEMEX1,130,CALCITRIOL,CALCITRIOLCAJA CON 30 CAPSULAS 0.25 MCG,0,0,-
2014-12-30,PEMEX1,131,CANDERSARTAN CILEXETILO,CANDERSARTAN CILEXETILOCAJA CON 14 TABLETAS 16 MG,0,0,-
2014-12-30,PEMEX1,132,CANDERSARTAN CILEXITILO/HIDROCLOROTIAZIDA,CANDERSARTAN CILEXITILO/HIDROCLOROTIAZIDACAJA CON 28 TABLETAS 16 MG/12.5 MG,0,0,-
2014-12-30,PEMEX1,133,CAPECITABINE,CAPECITABINECAJA CON 120 GRAGEAS 500MG,0,0,-
2014-12-30,PEMEX1,134,CAPTOPRIL,CAPTOPRILCAJA CON 30 TABLETAS 25 MG,0,0,-
2014-12-30,PEMEX1,135,CARBAMAZEPINA,CARBAMAZEPINAFRASCO SUSPENSION 120 ML 100 MG/5 ML,0,0,-
2014-12-30,PEMEX1,136,CARBAMAZEPINA,CARBAMAZEPINACAJA CON 20 GRAGEAS 400 MG,0,0,-
2014-12-30,PEMEX1,137,CARBAMAZEPINA,CARBAMAZEPINACAJA CON 30 GRAGEAS 200 MG,0,0,-
2014-12-30,PEMEX1,138,CARBAMAZEPINA,CARBAMAZEPINACAJA CON 20 COMPRIMIDOS 200 MG,0,0,-
2014-12-30,PEMEX1,139,CARBAMAZEPINA,CARBAMAZEPINACAJA CON 10 COMPRIMIDOS 400 MG,0,0,-
2014-12-30,PEMEX1,140,CARBAMIDA,CARBAMIDAFRASCO CREMA 100 G 20 G / 100 G,0,0,-
2014-12-30,PEMEX1,141,CARBONATO CALCIO-COLECALCIFEROL,CARBONATO CALCIO-COLECALCIFEROLFRASCO 60 TABLETAS 600 MG/400 UI,0,0,-
2014-12-30,PEMEX1,142,CEFACLOR MONOHIDRATO,CEFACLOR MONOHIDRATOFRASCO SUSPENSION 75 ML 250 MG,0,0,-
2014-12-30,PEMEX1,143,CEFACLOR MONOHIDRATO,CEFACLOR MONOHIDRATOCAJA CON 15 CAPSULAS 500 MG,0,0,-
2014-12-30,PEMEX1,144,CEFACLOR MONOHIDRATO,CEFACLOR MONOHIDRATOFRASCO SUSPENSION 75 ML 125 MG,0,0,-
2014-12-30,PEMEX1,145,CEFALEXINA MONOHIDRATO DE,CEFALEXINA MONOHIDRATO DECAJA CON 20 TABLETAS O CAPSULAS 500 MG,0,0,-
2014-12-30,PEMEX1,146,CEFALEXINA MONOHIDRATO DE,CEFALEXINA MONOHIDRATO DEFRASCO SUSPENSION 100 ML 250 MG/5 ML,0,0,-
2014-12-30,PEMEX1,147,CEFALEXINA MONOHIDRATO DE,CEFALEXINA MONOHIDRATO DEFRASCO SUSPENSION 125MG/5ML 90 ML,0,0,-
2014-12-30,PEMEX1,148,CEFIXIMA TRIHIDRATADA,CEFIXIMA TRIHIDRATADAFRASCO SUSPENSION 100 MG/5 ML 100 ML,0,0,-
2014-12-30,PEMEX1,149,CEFIXIMA TRIHIDRATADA,CEFIXIMA TRIHIDRATADACAJA CON 6 CAPSULAS 400 MG,0,0,-
2014-12-30,PEMEX1,150,CEFOTAXIMA SODICA C/LIDOCAINA,CEFOTAXIMA SODICA C/LIDOCAINACAJA CON FRASCO AMPULA IM 1 G DILUYENTE 40 MG/4 ML,0,0,-
2014-12-30,PEMEX1,151,CEFTAZIDIMA PENTAHIDRATO,CEFTAZIDIMA PENTAHIDRATOFRASCO AMPULA 1G 3ML,0,0,-
2014-12-30,PEMEX1,152,CEFTRIAXONA DISODICA C/LIDOCAINA,CEFTRIAXONA DISODICA C/LIDOCAINACAJA CON 1 FRASCO AMPULA IM 1 G DISOLVENTE >= 3.5 ML,0,0,-
2014-12-30,PEMEX1,153,CEFUROXIMA ACETIL,CEFUROXIMA ACETILCAJA CON 10 TABLETAS 500 MG,0,0,-
2014-12-30,PEMEX1,154,CEFUROXIMA ACETIL,CEFUROXIMA ACETILFRASCO SUSPENSION 50 ML 125 MG,0,0,-
2014-12-30,PEMEX1,155,CEFUROXIMA ACETIL,CEFUROXIMA ACETILFRASCO SUSPENSION 50 ML 250 MG,0,0,-
2014-12-30,PEMEX1,156,CEFUROXIMA SODICA,CEFUROXIMA SODICAFRASCO AMPULA 750 MG,0,0,-
2014-12-30,PEMEX1,157,CELECOXIB,CELECOXIBCAJA CON 10 CAPSULAS 200 MG,0,0,-
2014-12-30,PEMEX1,158,CENTELLA ASIATICA / METRONIDAZOL / NITROFURANTOINA(NITROFURAL),CENTELLA ASIATICA / METRONIDAZOL / NITROFURANTOINA(NITROFURAL)CAJA CON 12 OVULOS 15/300/6 MG,0,0,-
2014-12-30,PEMEX1,159,CETIRIZINA,CETIRIZINAFRASCO SOLUCION 50 ML 100 MG,0,0,-
2014-12-30,PEMEX1,160,CETIRIZINA,CETIRIZINACAJA CON 10 TABLETAS 10 MG,0,0,-
2014-12-30,PEMEX1,161,CIANOCOBALAMINA-TIAMINA-LIDOCAINA CLORHIDRATO,CIANOCOBALAMINA-TIAMINA-LIDOCAINA CLORHIDRATOCAJA CON FRASCO AMPULA 10 ML 5 000 MCG /100 MG / 1 MG /1 ML 50 000 UI/ 5 JERINGAS 3 ML,0,0,-
2014-12-30,PEMEX1,162,CICLESONIDA,CICLESONIDAFRASCO SUSPENSION ATOMIZADOR 12.5 G / 120 DOSIS (50 MCG / DOSIS),0,0,-
2014-12-30,PEMEX1,163,CICLESONIDA,CICLESONIDAFRASCO PRESURISADO (1.69 MG) 60 DOSIS (100 MCG),0,0,-
2014-12-30,PEMEX1,164,CICLESONIDA,CICLESONIDAFRASCO PRESURISADO (3.37 MG) 60 DOSIS (200 MCG),0,0,-
2014-12-30,PEMEX1,165,CICLOFOSFAMIDA,CICLOFOSFAMIDACAJA CON 50 GRAGEAS 50 MG,0,0,-
2014-12-30,PEMEX1,166,CICLOPENTOLATO,CICLOPENTOLATOFRASCO SOLUCION GOTAS OFTALMICAS 5 ML 1%,0,0,-
2014-12-30,PEMEX1,167,CICLOPIROX,CICLOPIROXFRASCO SOLUCION 3 ML 8%,0,0,-
2014-12-30,PEMEX1,168,CICLOSPORINA,CICLOSPORINACAJA CON 50 CAPSULAS 100 MG,0,0,-
2014-12-30,PEMEX1,169,CICLOSPORINA A,CICLOSPORINA AFRASCO SOLUCION GOTERO 5 ML 1.0 MG/ML,0,0,-
2014-12-30,PEMEX1,170,CICLOSPORINA EN MICROEMULSION,CICLOSPORINA EN MICROEMULSIONFRASCO DE 50 ML EMULSION 100 MG/ML,0,0,-
2014-12-30,PEMEX1,171,CINARIZINA,CINARIZINACAJA CON 60 TABLETAS 75 MG,0,0,-
2014-12-30,PEMEX1,172,CINITAPRIDA  BITARTRATO DE,CINITAPRIDA  BITARTRATO DEFRASCO SOLUCION 120 ML 1 MG/5 ML,0,0,-
2014-12-30,PEMEX1,173,CINITAPRIDA  TARTRATO ACIDO,CINITAPRIDA  TARTRATO ACIDOCAJA CON 25 COMPRIMIDOS 1MG,0,0,-
2014-12-30,PEMEX1,174,CIPROFLOXACINO,CIPROFLOXACINOFRASCO SOLUCION OTICO 10 ML 3 MG/ML,0,0,-
2014-12-30,PEMEX1,175,CIPROFLOXACINO,CIPROFLOXACINOFRASCO GOTERO SOLUCION OFTALMICA 3 MG/ML 5 ML,0,0,-
2014-12-30,PEMEX1,176,CIPROFLOXACINO MONOHIDRATO CLORHIDRATO DE,CIPROFLOXACINO MONOHIDRATO CLORHIDRATO DECAJA CON 8 COMPRIMIDOS 500 MG,0,0,-
2014-12-30,PEMEX1,177,CIPROTERONA,CIPROTERONACAJA CON 20 TABLETAS 50 MG,0,0,-
2014-12-30,PEMEX1,178,CIPROTERONA-ETINILESTRADIOL,CIPROTERONA-ETINILESTRADIOLCAJA CON 21 GRAGEAS 2 MG /0.035 MG,0,0,-
2014-12-30,PEMEX1,179,CITICOLINA,CITICOLINACAJA CON 20 COMPRIMIDOS DE 500 MG,0,0,-
2014-12-30,PEMEX1,180,CLINDAMICINA,CLINDAMICINAFRASCO SOLUCION GRANULADO P/100 ML 75 MG/5 ML,0,0,-
2014-12-30,PEMEX1,181,CLINDAMICINA,CLINDAMICINATUBO CREMA 40 G 2%,0,0,-
2014-12-30,PEMEX1,182,CLINDAMICINA,CLINDAMICINACAJA CON AMPULA 2 ML 300 MG,0,0,-
2014-12-30,PEMEX1,183,CLINDAMICINA / KETOCONAZOL,CLINDAMICINA / KETOCONAZOLCAJA 7 OVULOS 100/400 MG,0,0,-
2014-12-30,PEMEX1,184,CLINDAMICINA CLORHIDRATO,CLINDAMICINA CLORHIDRATOCAJA CON 16 CAPSULAS 300 MG,0,0,-
2014-12-30,PEMEX1,185,CLINDAMICINA FOSFATO,CLINDAMICINA FOSFATOCAJA CON AMPULA 4 ML 600 MG,0,0,-
2014-12-30,PEMEX1,186,CLINDAMICINA FOSFATO DE,CLINDAMICINA FOSFATO DEFRASCO SOLUCION TOPICA 30 ML 1 G / 100 ML,0,0,-
2014-12-30,PEMEX1,187,CLINDAMICINA FOSFATO DE,CLINDAMICINA FOSFATO DETUBO GEL 1G/100 G 30 GR,0,0,-
2014-12-30,PEMEX1,188,CLINDAMICINA/TERCONAZOL/FLUOCINOLONA,CLINDAMICINA/TERCONAZOL/FLUOCINOLONACAJA CON 3 OVULOS 100/80/0.5MG,0,0,-
2014-12-30,PEMEX1,189,CLIOQUINOL,CLIOQUINOLTUBO 20 G CREMA 3 G / 100 G,0,0,-
2014-12-30,PEMEX1,190,CLIOQUINOL / HIDROCORTISONA,CLIOQUINOL / HIDROCORTISONATUBO 20 G CREMA 3/1 G,0,0,-
2014-12-30,PEMEX1,191,CLOBAZAM,CLOBAZAMCAJA CON 30 COMPRIMIDOS 10 MG,0,0,-
2014-12-30,PEMEX1,192,CLOMIFENO CITRATO DE,CLOMIFENO CITRATO DECAJA CON 30 TABLETAS 50 MG,0,0,-
2014-12-30,PEMEX1,193,CLONAZEPAM,CLONAZEPAMFRASCO SOLUCION GOTAS 10 ML 2.5 MG/ML,0,0,-
2014-12-30,PEMEX1,194,CLONAZEPAM,CLONAZEPAMCAJA CON 30 COMPRIMIDOS 2 MG,0,0,-
2014-12-30,PEMEX1,195,CLONIDINA,CLONIDINACAJA CON 30 COMPRIMIDOS 0.100 MG,0,0,-
2014-12-30,PEMEX1,196,CLONIXINATO DE LISINA,CLONIXINATO DE LISINACAJA CON 10 TABLETAS 250 MG,0,0,-
2014-12-30,PEMEX1,197,CLOPIDOGREL BISULFATO,CLOPIDOGREL BISULFATOCAJA CON 28 GRAGEAS O TABLETAS 75 MG,0,0,-
2014-12-30,PEMEX1,198,CLORANFENICOL,CLORANFENICOLFRASCO SOLUCION GOTAS OFTALMICAS 15 ML 5 MG/ML,0,0,-
2014-12-30,PEMEX1,199,CLORAZEPATO DIPOTASICO,CLORAZEPATO DIPOTASICOCAJA CON 30 CAPSULAS 5 MG,0,0,-
2014-12-30,PEMEX1,200,CLORFENAMINA/AMANTADINA/PARACETAMOL,CLORFENAMINA/AMANTADINA/PARACETAMOLCAJA CON 24 CAPSULAS 3/50/300 MG,0,0,-
2014-12-30,PEMEX1,201,CLORFENAMINA/AMANTADINA/PARACETAMOL,CLORFENAMINA/AMANTADINA/PARACETAMOLFRASCO JARABE 60 ML 0.020 G/0.500 G/3 G,0,0,-
2014-12-30,PEMEX1,202,CLORHEXIDINA DIGLUCONATO / DEXPANTENOL / ALANTOINA / SACARINA SODICA,CLORHEXIDINA DIGLUCONATO / DEXPANTENOL / ALANTOINA / SACARINA SODICAFRASCO SOLUCION 250 ML 100 G,0,0,-
2014-12-30,PEMEX1,203,CLORHIDRATO DE DORZOLAMIDA EQUIVALENTE A DORZOLAMIDA /MALEATO DE TIMOLOL EQUIVALENTE A TIMOLOL/TARTRATO DE BRIMONIDINA,CLORHIDRATO DE DORZOLAMIDA EQUIVALENTE A DORZOLAMIDA /MALEATO DE TIMOLOL EQUIVALENTE A TIMOLOL/TARTRATO DE BRIMONIDINAFRASCO SOLUCION OFTALMICA GOTERO 5 ML 20 MG/5 MG/2 MG,0,0,-
2014-12-30,PEMEX1,204,CLORHIDRATO DE NAFAZOLINA,CLORHIDRATO DE NAFAZOLINAFRASCO SOLUCION OFTALMICA 0.12 MG 15 ML,0,0,-
2014-12-30,PEMEX1,205,CLORHIDRATO DE OLOPATADINA,CLORHIDRATO DE OLOPATADINAFRASCO SOLUCION OFTALMICA 2.5 ML 0.2%,0,0,-
2014-12-30,PEMEX1,206,CLORMADINONA ACETATO DE,CLORMADINONA ACETATO DECAJA CON 20 TABLETAS 2 MG,0,0,-
2014-12-30,PEMEX1,207,CLORMADINONA/MESTRANOL,CLORMADINONA/MESTRANOLCAJA CON 20 TABLETAS 2 MG/80 MCG,0,0,-
2014-12-30,PEMEX1,208,CLOROPIRAMINA CLORHIDRATO DE,CLOROPIRAMINA CLORHIDRATO DECAJA CON 5 AMPULAS 2 ML 20 MG/2 ML,0,0,-
2014-12-30,PEMEX1,209,CLOROPIRAMINA CLORHIDRATO DE,CLOROPIRAMINA CLORHIDRATO DECAJA CON 20 GRAGEAS 25 MG,0,0,-
2014-12-30,PEMEX1,210,CLOROQUINA FOSFATO DE,CLOROQUINA FOSFATO DECAJA CON 30 TABLETAS 150 MG,0,0,-
2014-12-30,PEMEX1,211,CLORPROPAMIDA  METFORMINA,CLORPROPAMIDA  METFORMINACAJA CON 80 TABLETAS 125/513 MG,0,0,-
2014-12-30,PEMEX1,212,CLORTALIDONA,CLORTALIDONACAJA CON 30 TABLETAS 50 MG,0,0,-
2014-12-30,PEMEX1,213,CLORURO DE POTASIO,CLORURO DE POTASIOFRASCO 50 GRAGEAS 500 MG,0,0,-
2014-12-30,PEMEX1,214,CLORURO DE SODIO,CLORURO DE SODIOFRASCO 10 ML SOLUCION OFTALMICA 5 %,0,0,-
2014-12-30,PEMEX1,215,CLORURO DE SODIO-GLICEROL,CLORURO DE SODIO-GLICEROLFRASCO SOLUCION 30 ML 0.65/1 G/100 ML NASAL ADULTO,0,0,-
2014-12-30,PEMEX1,216,CLOTRIMAZOL,CLOTRIMAZOLTUBO CREMA VAGINAL 20 G 2%,0,0,-
2014-12-30,PEMEX1,217,COBAMAMIDA/TIOCOLCHICOSIDO,COBAMAMIDA/TIOCOLCHICOSIDOFRASCO SOLUCION AMPULA 4 ML 20 MG/4 MG,0,0,-
2014-12-30,PEMEX1,218,COBRE SULFATO / ZINC SULFATO / ALCANFOR,COBRE SULFATO / ZINC SULFATO / ALCANFORCAJA CON 12 SOBRES 389.4 / 1362.9 / 58.3 MG 2.2 GR.,0,0,-
2014-12-30,PEMEX1,219,CODERGOCRINA MESILATO DE,CODERGOCRINA MESILATO DECAJA CON 12 COMPRIMIDOS 4.5 MG,0,0,-
2014-12-30,PEMEX1,220,COLCHICINA,COLCHICINACAJA CON 20 TABLETAS 1 MG,0,0,-
2014-12-30,PEMEX1,221,COLESTIRAMINA,COLESTIRAMINACAJA CON 10 SOBRES DE 4 G/ 9 G,0,0,-
2014-12-30,PEMEX1,222,COLISTIMETATO,COLISTIMETATOFRASCO AMPULA DE 150 MG,0,0,-
2014-12-30,PEMEX1,223,COMPLEJO OSEINICO MINERAL,COMPLEJO OSEINICO MINERALCAJA CON 36 GRAGEAS 200 MG,0,0,-
2014-12-30,PEMEX1,224,CONDROITIN / HIALURONATO,CONDROITIN / HIALURONATOFRASCO SOLUCION 15 ML 1.8MG / 1.0MG 1 ML,0,0,-
2014-12-30,PEMEX1,225,CROMOGLICATO DE SODIO,CROMOGLICATO DE SODIOFRASCO SOLUCION NASAL 4% 10 ML,0,0,-
2014-12-30,PEMEX1,226,CROTAMITON,CROTAMITONTUBO CREMA 30 G 10 %,0,0,-
2014-12-30,PEMEX1,227,DANAZOL,DANAZOLCAJA CON 50 TABLETAS O CAPSULAS 100 MG,0,0,-
2014-12-30,PEMEX1,228,DAPSONA,DAPSONAFRASCO CON 50 TABLETAS 100 MG,0,0,-
2014-12-30,PEMEX1,229,DAPTOMICINA,DAPTOMICINACAJA CON FRASCO AMPULA VIAL 500 MG.,0,0,-
2014-12-30,PEMEX1,230,DEFLAZACORT,DEFLAZACORTCAJA CON 10 TABLETAS 30 MG,0,0,-
2014-12-30,PEMEX1,231,DEFLAZACORT,DEFLAZACORTCAJA CON 20 TABLETAS 6 MG,0,0,-
2014-12-30,PEMEX1,232,DESCARBOETOXILORATADINA (DESLORATADINA),DESCARBOETOXILORATADINA (DESLORATADINA)FRASCO JARABE 120 ML 50 MG,0,0,-
2014-12-30,PEMEX1,233,DESMOPRESINA ACETATO DE,DESMOPRESINA ACETATO DECAJA CON 30 TABLETAS 0.2 MG,0,0,-
2014-12-30,PEMEX1,234,DESMOPRESINA ACETATO DE,DESMOPRESINA ACETATO DEFRASCO SOLUCION ATOMIZADOR NASAL 2.5 ML 25 DOSIS 89 MCG/ML,0,0,-
2014-12-30,PEMEX1,235,DESOGESTREL,DESOGESTRELCAJA CON 28 GRAGEAS 75 MCG,0,0,-
2014-12-30,PEMEX1,236,DESVENLAFAXINA,DESVENLAFAXINACAJA CON 14 TABLETAS 100 MG,0,0,-
2014-12-30,PEMEX1,237,DEXAMETASONA,DEXAMETASONACAJA CON 30 TABLETAS 0.5 MG,0,0,-
2014-12-30,PEMEX1,238,DEXAMETASONA FOSFATO 21-CLORANFENICOL,DEXAMETASONA FOSFATO 21-CLORANFENICOLFRASCO SOLUCION GOTAS 10 ML 76/200 MG / 100 ML,0,0,-
2014-12-30,PEMEX1,239,DEXAMETASONA FOSFATO SODICO,DEXAMETASONA FOSFATO SODICOFRASCO AMPULA 8 MG 2 ML,0,0,-
2014-12-30,PEMEX1,240,DEXAMETASONA FOSFATO SODICO - FENILEFRINA - NEOMICINA - POLIMIXINA B,DEXAMETASONA FOSFATO SODICO - FENILEFRINA - NEOMICINA - POLIMIXINA BFRASCO SOLUCION GOTAS OFTALMICAS 5 ML 1 MG/1.5 MG/ 3.5 MG/16250 U/1 ML,0,0,-
2014-12-30,PEMEX1,241,DEXAMETASONA ISONICONATO-21,DEXAMETASONA ISONICONATO-21FRASCO AMPULA 2 ML SUSPENSION 8 MG,0,0,-
2014-12-30,PEMEX1,242,DEXKETOPROFENO TROMETAMOL,DEXKETOPROFENO TROMETAMOLCAJA CON 3 ÁMPULAS 50 MG 2ML,0,0,-
2014-12-30,PEMEX1,243,DEXTROMETORFAN BROMHIDRATO DE,DEXTROMETORFAN BROMHIDRATO DEFRASCO JARABE 120 ML 300 MG/100 ML,0,0,-
2014-12-30,PEMEX1,244,DEXTROMETORFANO BROMHIDRATO/AMBROXOL CLORHIDRATO,DEXTROMETORFANO BROMHIDRATO/AMBROXOL CLORHIDRATOFRASCO JARABE 120 ML 225/225 MG/100 ML,0,0,-
2014-12-30,PEMEX1,245,DEXTROMETORFANO BROMHIDRATO/GUAIFENESINA/FENILEFRINA,DEXTROMETORFANO BROMHIDRATO/GUAIFENESINA/FENILEFRINAFRASCO SOLUCION GOTAS PEDIATRICAS 60 ML 200/2000/100 MG / 100 ML,0,0,-
2014-12-30,PEMEX1,246,DIAZEPAM,DIAZEPAMCAJA CON 20 COMPRIMIDOS 10 MG,0,0,-
2014-12-30,PEMEX1,247,DICICLOVERINA CLORHIDRATO DE,DICICLOVERINA CLORHIDRATO DECAJA CON 30 CAPSULAS O TABLETAS 10 MG,0,0,-
2014-12-30,PEMEX1,248,DICLOFENACO POTASICO,DICLOFENACO POTASICOFRASCO SUSPENSION GOTAS 20 ML 15 MG/ ML,0,0,-
2014-12-30,PEMEX1,249,DICLOFENACO SODICO,DICLOFENACO SODICOFRASCO SOLUCION GOTAS 5 ML 1 MG / ML,0,0,-
2014-12-30,PEMEX1,250,DICLOFENACO SODICO,DICLOFENACO SODICOCAJA CON 20 TABLETAS  CAPSULAS O GRAGEAS LIBERACION PROLONGADA 100 MG,0,0,-
2014-12-30,PEMEX1,251,DICLOXACILINA SODICA,DICLOXACILINA SODICAFRASCO C/ POLVO P/ SUSPENSION 60 ML 125 MG/5 ML,0,0,-
2014-12-30,PEMEX1,252,DICLOXACILINA SODICA,DICLOXACILINA SODICAFRASCO C/ POLVO P/SUSPENSION 60 ML 250 MG/5 ML,0,0,-
2014-12-30,PEMEX1,253,DICLOXACILINA SODICA,DICLOXACILINA SODICAFRASCO AMPULA 500 MG 5 ML,0,0,-
2014-12-30,PEMEX1,254,DICLOXACILINA SODICA MONOHIDRATADA,DICLOXACILINA SODICA MONOHIDRATADACAJA CON 12 CAPSULAS 500 MG,0,0,-
2014-12-30,PEMEX1,255,DICLOXACILINA SODICA MONOHIDRATADA,DICLOXACILINA SODICA MONOHIDRATADACAJA CON 20 CAPSULAS 250 MG,0,0,-
2014-12-30,PEMEX1,256,DIFENHIDRAMINA/GUAIFENESINA,DIFENHIDRAMINA/GUAIFENESINAFRASCO JARABE 150 ML 0.28/2.0 G/100 ML,0,0,-
2014-12-30,PEMEX1,257,DIFENIDOL CLORHIDRATO DE,DIFENIDOL CLORHIDRATO DECAJA CON 25 TABLETAS 25 MG,0,0,-
2014-12-30,PEMEX1,258,DIFENIDOL CLORHIDRATO DE,DIFENIDOL CLORHIDRATO DECAJA CON 2 AMPULAS 2 ML 40 MG,0,0,-
2014-12-30,PEMEX1,259,DIGOXINA,DIGOXINAFRASCO SOLUCION GOTAS 60 ML 0.005 G/100 ML,0,0,-
2014-12-30,PEMEX1,260,DIGOXINA,DIGOXINACAJA CON 60 TABLETAS 0.25 MG,0,0,-
2014-12-30,PEMEX1,261,DIHIDROERGOTAMINA / CAFEINA / PROPIFENAZONA,DIHIDROERGOTAMINA / CAFEINA / PROPIFENAZONACAJA CON 30 GRAGEAS 0.5/40/125 MG,0,0,-
2014-12-30,PEMEX1,262,DILTIAZEM CLORHIDRATO DE,DILTIAZEM CLORHIDRATO DECAJA CON 30 COMPRIMIDOS 60 MG,0,0,-
2014-12-30,PEMEX1,263,DILTIAZEM CLORHIDRATO DE,DILTIAZEM CLORHIDRATO DECAJA CON 20 TABLETAS DE LIBERACION PROLONGADA 120 MG,0,0,-
2014-12-30,PEMEX1,264,DILTIAZEM CLORHIDRATO DE,DILTIAZEM CLORHIDRATO DECAJA CON 30 COMPRIMIDOS 30 MG,0,0,-
2014-12-30,PEMEX1,265,DIMENHIDRINATO,DIMENHIDRINATOCAJA CON 20 TABLETAS 50 MG,0,0,-
2014-12-30,PEMEX1,266,DIMENHIDRINATO,DIMENHIDRINATOCAJA CON 4 SUPOSITORIOS 25 MG,0,0,-
2014-12-30,PEMEX1,267,DIMETICONA,DIMETICONAFRASCO SUSPENSION GOTAS 30 ML 100 MG/ML,0,0,-
2014-12-30,PEMEX1,268,DIMETICONA-MAGALDRATO,DIMETICONA-MAGALDRATOFRASCO GEL 250 ML 1/8 G,0,0,-
2014-12-30,PEMEX1,269,DIOSMINA/HESPERIDINA,DIOSMINA/HESPERIDINACAJA CON 20 TABLETAS O GRAGEAS 450 MG/50 MG,0,0,-
2014-12-30,PEMEX1,270,DIYODOHIDROXIQUINOLEINA/METRONIDAZOL,DIYODOHIDROXIQUINOLEINA/METRONIDAZOLCAJA CON 30 CAPSULAS 200/400 MG,0,0,-
2014-12-30,PEMEX1,271,DOLASETRON MESILATO,DOLASETRON MESILATOFRASCO AMPULA 5 ML 100 MG,0,0,-
2014-12-30,PEMEX1,272,DOMPERIDONA,DOMPERIDONAFRASCO SUSPENSION 60 ML 1 MG/ML,0,0,-
2014-12-30,PEMEX1,273,DOMPERIDONA,DOMPERIDONACAJA CON 30 TABLETAS 10 MG,0,0,-
2014-12-30,PEMEX1,274,DONEPECILO CLORHIDRATO DE,DONEPECILO CLORHIDRATO DECAJA CON 28 TABLETAS 10 MG,0,0,-
2014-12-30,PEMEX1,275,DORZOLAMIDA CLORHIDRATO DE,DORZOLAMIDA CLORHIDRATO DEFRASCO SOLUCION GOTAS OFTALMICAS 5 ML 2 %,0,0,-
2014-12-30,PEMEX1,276,DORZOLAMIDA CLORHIDRATO DE /MALEATO TIMOLOL,DORZOLAMIDA CLORHIDRATO DE /MALEATO TIMOLOLFRASCO SOLUCION OFTALMICA 5 ML 20/5 MG / 1 ML,0,0,-
2014-12-30,PEMEX1,277,DOXICICLINA HICLATO,DOXICICLINA HICLATOCAJA CON 10 CAPSULAS O TABLETAS 100 MG,0,0,-
2014-12-30,PEMEX1,278,DULOXETINA,DULOXETINACAJA CON 28 CAPSULAS 60 MG,0,0,-
2014-12-30,PEMEX1,279,EMTRICITABINE/TENOFOVIR,EMTRICITABINE/TENOFOVIRCAJA 30 TABLETAS 200/300MG,0,0,-
2014-12-30,PEMEX1,280,ENALAPRIL MALEATO DE,ENALAPRIL MALEATO DECAJA CON 30 TABLETAS 20 MG,0,0,-
2014-12-30,PEMEX1,281,ENALAPRIL MALEATO DE,ENALAPRIL MALEATO DECAJA CON 30 CAPSULAS O TABLETAS 10 MG,0,0,-
2014-12-30,PEMEX1,282,ENALAPRIL/HIDROCLOROTIAZIDA,ENALAPRIL/HIDROCLOROTIAZIDACAJA CON 16 TABLETAS 20/12.5 MG,0,0,-
2014-12-30,PEMEX1,283,ENOXAPARINA SODICA,ENOXAPARINA SODICACAJA CON 2 JERINGAS 40 MG/0.4 ML,0,0,-
2014-12-30,PEMEX1,284,ENOXAPARINA SODICA,ENOXAPARINA SODICACAJA CON 2 JERINGAS 60 MG/0.6 ML,0,0,-
2014-12-30,PEMEX1,285,ERGOMETRINA MALEATO DE,ERGOMETRINA MALEATO DECAJA CON 20 TABLETAS 0.2 MG,0,0,-
2014-12-30,PEMEX1,286,ERGOTAMINA TARTRATO DE / CAFEINA / ACIDO ACETILSALICILICO,ERGOTAMINA TARTRATO DE / CAFEINA / ACIDO ACETILSALICILICOCAJA CON 36 TABLETAS 1/50/400MG,0,0,-
2014-12-30,PEMEX1,287,ERITROMICINA,ERITROMICINACAJA CON 20 CAPSULAS O TABLETAS 500 MG,0,0,-
2014-12-30,PEMEX1,288,ERITROMICINA,ERITROMICINAFRASCO SUSPENSION 100 ML 250 MG/5 ML,0,0,-
2014-12-30,PEMEX1,289,ERITROMICINA ESTEARATO DE,ERITROMICINA ESTEARATO DETUBO UNGÜENTO OFTALMICO 3 G 5 MG / 1 G,0,0,-
2014-12-30,PEMEX1,290,ERITROPOYETINA HUMANA RECOMBINANTE,ERITROPOYETINA HUMANA RECOMBINANTECAJA CON 6 AMPOLLETAS 2 000 U/0.3ML,0,0,-
2014-12-30,PEMEX1,291,ERITROPOYETINA HUMANA RECOMBINANTE,ERITROPOYETINA HUMANA RECOMBINANTECAJA CON 6 FRASCO AMPULA 4000 UI/ML,0,0,-
2014-12-30,PEMEX1,292,ESCITALOPRAM,ESCITALOPRAMCAJA CON 14 TABLETAS 10 MG,0,0,-
2014-12-30,PEMEX1,293,ESPIRAMICINA-METRONIDAZOL,ESPIRAMICINA-METRONIDAZOLCAJA CON 20 COMPRIMIDOS 750000 UI / 125 MG,0,0,-
2014-12-30,PEMEX1,294,ESPIRONOLACTONA,ESPIRONOLACTONACAJA CON 30 TABLETAS 25 MG,0,0,-
2014-12-30,PEMEX1,295,ESPIRONOLACTONA,ESPIRONOLACTONACAJA CON 30 TABLETAS 100 MG,0,0,-
2014-12-30,PEMEX1,296,ESTRADIOL,ESTRADIOLCAJA CON 28 SOBRES 1.0 G GEL,0,0,-
2014-12-30,PEMEX1,297,ESTRADIOL,ESTRADIOLTUBO GEL 80 G 60 MG / 100 G,0,0,-
2014-12-30,PEMEX1,298,ESTRADIOL BENZOATO DE-PROGESTERONA,ESTRADIOL BENZOATO DE-PROGESTERONACAJA CON 1 JERINGA C/1 ML 5/50 MG,0,0,-
2014-12-30,PEMEX1,299,ESTRADIOL HEMIHIDRATADO-DROSPIRENONA,ESTRADIOL HEMIHIDRATADO-DROSPIRENONACAJA CON 28 COMPRIMIDOS 1/2 MG,0,0,-
2014-12-30,PEMEX1,300,ESTRADIOL HEMIHIDRATADO-NORETISTERONA ACETATO DE,ESTRADIOL HEMIHIDRATADO-NORETISTERONA ACETATO DECAJA CON 8 PARCHES 3.2/11.2 MG,0,0,-
2014-12-30,PEMEX1,301,ESTRADIOL VALERATO /NORETISTERONA ENANTATO,ESTRADIOL VALERATO /NORETISTERONA ENANTATOFRASCO AMPULA 1 ML 5/50 MG,0,0,-
2014-12-30,PEMEX1,302,ESTRADIOL VALERATO DE,ESTRADIOL VALERATO DECAJA CON 28 GRAGEAS DE 2 MG,0,0,-
2014-12-30,PEMEX1,303,ESTRADIOL VALERATO DE – NORGESTREL,ESTRADIOL VALERATO DE – NORGESTRELCAJA CON 21 GRAGEAS 2/0.5 MG,0,0,-
2014-12-30,PEMEX1,304,ESTRADIOL  VALERATO DE / TESTOSTERONA ENANTATO,ESTRADIOL  VALERATO DE / TESTOSTERONA ENANTATOJERINGA PRELLENADA 1 ML 5 MG / 100 MG,0,0,-
2014-12-30,PEMEX1,305,ESTROGENOS CONJUGADOS,ESTROGENOS CONJUGADOSCAJA CON 42 TABLETAS 0.625 MG,0,0,-
2014-12-30,PEMEX1,306,ESTROGENOS CONJUGADOS,ESTROGENOS CONJUGADOSTUBO CREMA 43 G 0.625 MG/G,0,0,-
2014-12-30,PEMEX1,307,ETANERCEP,ETANERCEPCAJA CON 4 AMPOLLETAS 25MG,0,0,-
2014-12-30,PEMEX1,308,ETANERCEP,ETANERCEPCAJA CON 2 AMPOLLETAS 50MG,0,0,-
2014-12-30,PEMEX1,309,ETINILESTRADIOL-DROSPIRENONA,ETINILESTRADIOL-DROSPIRENONACAJA CON 21 GRAGEAS 0.03/3 MG,0,0,-
2014-12-30,PEMEX1,310,ETINILESTRADIOL-ETONOGESTREL,ETINILESTRADIOL-ETONOGESTRELCAJA CON 1 ANILLO VAGINAL CON POLVO 2.7/11.7 MG,0,0,-
2014-12-30,PEMEX1,311,ETINILESTRADIOL-NORELGESTROMINA,ETINILESTRADIOL-NORELGESTROMINACAJA CON 3 PARCHES TRANSDERMICOS 0.60 MG/6 MG,0,0,-
2014-12-30,PEMEX1,312,ETONOGESTREL,ETONOGESTRELCAJA 68 MG / 1 IMPLANTE/ 1 APLICADOR,0,0,-
2014-12-30,PEMEX1,313,ETORICOXIB,ETORICOXIBCAJA CON 14 COMPRIMIDOS 90 MG,0,0,-
2014-12-30,PEMEX1,314,ETORICOXIB,ETORICOXIBCAJA CON 7 COMPRIMIDOS 120 MG,0,0,-
2014-12-30,PEMEX1,315,EXAMESTANO,EXAMESTANOCAJA CON 30 GRAGEAS 25 MG,0,0,-
2014-12-30,PEMEX1,316,EXTRACTO ACUOSO DE TRITICUM VULGARE / FENOXIETANOL,EXTRACTO ACUOSO DE TRITICUM VULGARE / FENOXIETANOLCAJA CON 6 OVULOS 600 MG/40 MG,0,0,-
2014-12-30,PEMEX1,317,EXTRACTO ACUOSO DE TRITICUM VULGARE/ 2-FENOXIETANOL,EXTRACTO ACUOSO DE TRITICUM VULGARE/ 2-FENOXIETANOLTUBO CREMA 10 G 150 MG / 10 MG /1 G,0,0,-
2014-12-30,PEMEX1,318,FELODIPINA,FELODIPINACAJA CON 10 TABLETAS 5 MG,0,0,-
2014-12-30,PEMEX1,319,FELODIPINO-METOPROLOL SUCCINATO DE,FELODIPINO-METOPROLOL SUCCINATO DECAJA CON 14 TABLETAS DE LIBERACION PROLONGADA 5/47.5 MG,0,0,-
2014-12-30,PEMEX1,320,FENAZOPIRIDINA,FENAZOPIRIDINACAJA CON 20 TABLETAS 100 MG,0,0,-
2014-12-30,PEMEX1,321,FENILEFRINA CLORHIDRATO,FENILEFRINA CLORHIDRATOFRASCO SOLUCION OFTALMICA GOTAS 5 ML AL 10%,0,0,-
2014-12-30,PEMEX1,322,FENITOINA,FENITOINAFRASCO SUSPENSION 120 ML 37.5 MG/5 ML,0,0,-
2014-12-30,PEMEX1,323,FENITOINA SODICA,FENITOINA SODICACAJA CON 50 TABLETAS 100 MG,0,0,-
2014-12-30,PEMEX1,324,FENOBARBITAL,FENOBARBITALCAJA CON 40 TABLETAS 100 MG,0,0,-
2014-12-30,PEMEX1,325,FENOTEROL,FENOTEROLCAJA CON 20 COMPRIMIDOS 5 MG,0,0,-
2014-12-30,PEMEX1,326,FENOTRINA,FENOTRINAFRASCO SOLUCION 60 ML 0.2/100 ML,0,0,-
2014-12-30,PEMEX1,327,FENTICONAZOL NITRATO DE,FENTICONAZOL NITRATO DETUBO CREMA 30 G 2 %,0,0,-
2014-12-30,PEMEX1,328,FEXOFENADINA CLORHIDRATO,FEXOFENADINA CLORHIDRATOCAJA CON 10 COMPRIMIDOS 180 MG,0,0,-
2014-12-30,PEMEX1,329,FEXOFENADINA CLORHIDRATO,FEXOFENADINA CLORHIDRATOCAJA CON 10 COMPRIMIDOS 120 MG,0,0,-
2014-12-30,PEMEX1,330,FILGRASTIM,FILGRASTIMCAJA CON JERINGA PRELLENADA 300MCG/0.5ML,0,0,-
2014-12-30,PEMEX1,331,FINASTERIDA,FINASTERIDACAJA CON 30 GRAGEAS O TABLETAS 5 MG,0,0,-
2014-12-30,PEMEX1,332,FLAVOXATO CLORHIDRATO DE,FLAVOXATO CLORHIDRATO DECAJA CON 20 TABLETAS 200 MG,0,0,-
2014-12-30,PEMEX1,333,FLOROGLUCINOL-TRIMETILFLOROGLUCINOL,FLOROGLUCINOL-TRIMETILFLOROGLUCINOLCAJA CON 5 AMPULAS 2 ML 40/0.04 MG,0,0,-
2014-12-30,PEMEX1,334,FLOROGLUCINOL-TRIMETILFLOROGLUCINOL,FLOROGLUCINOL-TRIMETILFLOROGLUCINOLCAJA CON 20 CAPSULAS 80/80 MG,0,0,-
2014-12-30,PEMEX1,335,FLUCONAZOL,FLUCONAZOLCAJA CON 10 CAPSULAS O TABLETAS 100 MG,0,0,-
2014-12-30,PEMEX1,336,FLUCONAZOL,FLUCONAZOLCAJA CON 1 CAPSULA 150 MG,0,0,-
2014-12-30,PEMEX1,337,FLUNARIZINA,FLUNARIZINACAJA CON 40 TABLETAS 5 MG,0,0,-
2014-12-30,PEMEX1,338,FLUOCINOLONA ACETONIDA-HIDROQUINONA-TRETINOINA,FLUOCINOLONA ACETONIDA-HIDROQUINONA-TRETINOINATUBO CREMA 15 G 0.01/4/0.05/100 G,0,0,-
2014-12-30,PEMEX1,339,FLUOCINOLONA ACETONIDO DE-METRONIDAZOL-NISTATINA,FLUOCINOLONA ACETONIDO DE-METRONIDAZOL-NISTATINACAJA CON 10 OVULOS 0.50/500 MG/100 000 UI,0,0,-
2014-12-30,PEMEX1,340,FLUOCINOLONA ACETONIDO-POLIMIXINA SULFATO DE-NEOMICINA SULFATO DE- LIDOCAINA CLORHIDRATO DE,FLUOCINOLONA ACETONIDO-POLIMIXINA SULFATO DE-NEOMICINA SULFATO DE- LIDOCAINA CLORHIDRATO DEFRASCO SOLUCION GOTAS OTICAS 15 ML 0.25 MG/10000 UI/3.5 MG/ 20 MG / 1 ML,0,0,-
2014-12-30,PEMEX1,341,FLUOXETINA CLORHIDRATO,FLUOXETINA CLORHIDRATOCAJA CON 14 CAPSULAS 20 MG,0,0,-
2014-12-30,PEMEX1,342,FLUTICASONA PROPIONATO DE,FLUTICASONA PROPIONATO DEFRASCO SUSPENSION 120 DOSIS 14.5 ML 0.5 MG/ML,0,0,-
2014-12-30,PEMEX1,343,FLUTICASONA PROPIONATO DE,FLUTICASONA PROPIONATO DEFRASCO SUSPENSION AEROSOL 120 DOSIS 50 MCG/DOSIS,0,0,-
2014-12-30,PEMEX1,344,FOLICO ACIDO,FOLICO ACIDOFRASCO 20 TABLETAS 5 MG,0,0,-
2014-12-30,PEMEX1,345,FOLINATO CALCICO,FOLINATO CALCICOCAJA CON 12 TABLETAS 15 MG,0,0,-
2014-12-30,PEMEX1,346,FORMOTEROL FUMARATO,FORMOTEROL FUMARATOCAJA CON 30 CAPSULAS CON DISPOSITIVO PARA INHALACION 12 MCG,0,0,-
2014-12-30,PEMEX1,347,FUMARATO DE BISOPROLOL/ HIDROCLOROTIAZIDA,FUMARATO DE BISOPROLOL/ HIDROCLOROTIAZIDACAJA CON 30 TABLETAS RECUBIERTAS 5 MG/6.25 MG,0,0,-
2014-12-30,PEMEX1,348,FURAZOLIDONA,FURAZOLIDONAFRASCO SUSPENSION GOTAS 15 ML 30 MG,0,0,-
2014-12-30,PEMEX1,349,FUROSEMIDA,FUROSEMIDACAJA CON 20 TABLETAS 40 MG,0,0,-
2014-12-30,PEMEX1,350,FUROSEMIDA,FUROSEMIDACAJA CON 5 AMPULAS 2 ML 20 MG,0,0,-
2014-12-30,PEMEX1,351,FUSIDICO ACIDO,FUSIDICO ACIDOTUBO UNGÜENTO 15 G 2 %,0,0,-
2014-12-30,PEMEX1,352,GABAPENTINA,GABAPENTINACAJA CON 15 CAPSULAS 400 MG,0,0,-
2014-12-30,PEMEX1,353,GABAPENTINA,GABAPENTINACAJA CON 15 CAPSULAS 300 MG,0,0,-
2014-12-30,PEMEX1,354,GABAPENTINA/TRAMADOL,GABAPENTINA/TRAMADOLCAJA CON 30 CAPSULAS 300MG / 25MG,0,0,-
2014-12-30,PEMEX1,355,GALANTAMINA BROMHIDRATO DE,GALANTAMINA BROMHIDRATO DECAJA CON 7 CAPSULAS DE LIBERACION PROLONGADA 16 MG,0,0,-
2014-12-30,PEMEX1,356,GALANTAMINA BROMHIDRATO DE,GALANTAMINA BROMHIDRATO DEFRASCO SOLUCION 100 ML 400 MG,0,0,-
2014-12-30,PEMEX1,357,GEMFIBROZILO,GEMFIBROZILOCAJA CON 14 TABLETAS RECUBIERTAS 600 MG,0,0,-
2014-12-30,PEMEX1,358,GENTAMICINA SULFATO,GENTAMICINA SULFATOCAJA CON 5 AMPULAS 2 ML 160 MG,0,0,-
2014-12-30,PEMEX1,359,GENTAMICINA SULFATO,GENTAMICINA SULFATOCAJA CON 5 AMPULAS 2 ML 80 MG,0,0,-
2014-12-30,PEMEX1,360,GESTRINONA,GESTRINONACAJA CON 8 CAPSULAS 2.5 MG,0,0,-
2014-12-30,PEMEX1,361,GINKGO BILOBA EXTRACTO DE,GINKGO BILOBA EXTRACTO DECAJA CON 24 GRAGEAS 40 MG,0,0,-
2014-12-30,PEMEX1,362,GLIBENCLAMIDA,GLIBENCLAMIDACAJA CON 50 TABLETAS 5 MG,0,0,-
2014-12-30,PEMEX1,363,GLIBENCLAMIDA-METFORMIN CLORHIDRATO DE,GLIBENCLAMIDA-METFORMIN CLORHIDRATO DECAJA CON 30 TABLETAS 5/500 MG,0,0,-
2014-12-30,PEMEX1,364,GLIBENCLAMIDA-METFORMIN CLORHIDRATO DE,GLIBENCLAMIDA-METFORMIN CLORHIDRATO DECAJA CON 30 TABLETAS 2.5/500 MG,0,0,-
2014-12-30,PEMEX1,365,GLICEROL,GLICEROLCAJA CON 10 SUPOSITORIOS BEBE 1.478 G,0,0,-
2014-12-30,PEMEX1,366,GLICIRRICINICO ACIDO,GLICIRRICINICO ACIDOFRASCO SOLUCION SPRAY 60 ML 0.1G/100 ML,0,0,-
2014-12-30,PEMEX1,367,GLICOFOSFOPEPTICAL,GLICOFOSFOPEPTICALCAJA CON 45 CAPSULAS 500 MG,0,0,-
2014-12-30,PEMEX1,368,GLIMEPIRIDA,GLIMEPIRIDACAJA CON 15 TABLETAS 4 MG,0,0,-
2014-12-30,PEMEX1,369,GLIMEPIRIDA,GLIMEPIRIDACAJA CON 15 TABLETAS 2 MG,0,0,-
2014-12-30,PEMEX1,370,GOSERELINA,GOSERELINACAJA CON JERINGA PRELLENADA CON 1 IMPLANTE 3.6 MG,0,0,-
2014-12-30,PEMEX1,371,GOSERELINA ACETATO DE,GOSERELINA ACETATO DECAJA CON JERINGA PRELLENADA CON 1 IMPLANTE 10.8 MG,0,0,-
2014-12-30,PEMEX1,372,GUAIFENESINA-DEXTROMETORFAN,GUAIFENESINA-DEXTROMETORFANFRASCO SOLUCION GOTAS 60 ML 2250/275 MG/100 ML,0,0,-
2014-12-30,PEMEX1,373,GUAIFENESINA-DEXTROMETORFAN,GUAIFENESINA-DEXTROMETORFANFRASCO JARABE 120 ML 100 MG/15 MG/5 ML,0,0,-
2014-12-30,PEMEX1,374,HALOPERIDOL,HALOPERIDOLFRASCO SOLUCION GOTAS 15 ML 2 MG/ML,0,0,-
2014-12-30,PEMEX1,375,HALOPERIDOL,HALOPERIDOLCAJA CON 20 TABLETAS 5 MG,0,0,-
2014-12-30,PEMEX1,376,HEDERA HELIX,HEDERA HELIXFRASCO JARABE 0.7G 100ML,0,0,-
2014-12-30,PEMEX1,377,HIALURONATO DE SODIO,HIALURONATO DE SODIOFRASCO 20 DOSIS 0.5 ML 4 SOBRES 4 MG/ML,0,0,-
2014-12-30,PEMEX1,378,HIDROCORTISONA,HIDROCORTISONATUBO CREMA 60 G 1%,0,0,-
2014-12-30,PEMEX1,379,HIDROCORTISONA SUCCINATO SODICO DE,HIDROCORTISONA SUCCINATO SODICO DECAJA CON 2 FRASCO AMPULA LIOFILIZADA 500 MG 4 ML DILUYENTE,0,0,-
2014-12-30,PEMEX1,380,HIDROCORTISONA-CLORANFENICOL-BENZOCAINA,HIDROCORTISONA-CLORANFENICOL-BENZOCAINAFRASCO SOLUCION OTICAS 10 ML 10/25/20 MG/ML,0,0,-
2014-12-30,PEMEX1,381,HIDROQUINONA,HIDROQUINONATUBO CREMA 30 G 4%,0,0,-
2014-12-30,PEMEX1,382,HIDROXICLOROQUINA SULFATO DE,HIDROXICLOROQUINA SULFATO DECAJA CON 20 TABLETAS 200 MG,0,0,-
2014-12-30,PEMEX1,383,HIDROXIPROPILMETILCELULOSA (HIPROMELOSA),HIDROXIPROPILMETILCELULOSA (HIPROMELOSA)FRASCO SOLUCION GOTAS OFTALMICAS 10 ML 3 MG/ML,0,0,-
2014-12-30,PEMEX1,384,HIDROXIPROPILMETILCELULOSA (HIPROMELOSA),HIDROXIPROPILMETILCELULOSA (HIPROMELOSA)FRASCO SOLUCION OFTALMICA 10 ML 2% 20 MG/ML,0,0,-
2014-12-30,PEMEX1,385,HIDROXIPROPILMETILCELULOSA (HIPROMELOSA),HIDROXIPROPILMETILCELULOSA (HIPROMELOSA)FRASCO SOLUCION OFTALMICA 10 ML 0.5% 5 MG/ML,0,0,-
2014-12-30,PEMEX1,386,HIDROXIPROPILMETILCELULOSA-DEXTRAN 70,HIDROXIPROPILMETILCELULOSA-DEXTRAN 70FRASCO SOLUCION GOTAS OFTALMICAS 15 ML 3/1 MG /1 ML,0,0,-
2014-12-30,PEMEX1,387,HIDROXIUREA (HIDROXICARBAMIDA),HIDROXIUREA (HIDROXICARBAMIDA)CAJA CON 100 CAPSULAS 500 MG,0,0,-
2014-12-30,PEMEX1,388,HIERRO DEXTRAN COMPLEJO HIDROGENADO,HIERRO DEXTRAN COMPLEJO HIDROGENADOCAJA CON 3 FRASCO AMPULA SOLUCION INYECTABLE 100 MG/1 ML,0,0,-
2014-12-30,PEMEX1,389,HILANO / SODIO CLORURO /SODICO FOSFATO MONOBASICO / HIDRATO DE FOSFATO SODICO DIBASICO,HILANO / SODIO CLORURO /SODICO FOSFATO MONOBASICO / HIDRATO DE FOSFATO SODICO DIBASICOCAJA CON JERINGA 2 ML INTRA-ARTICULAR 8 MG / 8.5 MG / 0.16 MG / 0.04 MG,0,0,-
2014-12-30,PEMEX1,390,IBANDRONATO DE SODIO MONOHIDRATADO,IBANDRONATO DE SODIO MONOHIDRATADOCAJA CON 1 COMPRIMIDO DE 150 MG,0,0,-
2014-12-30,PEMEX1,391,IBANDRONATO DE SODIO MONOHIDRATADO,IBANDRONATO DE SODIO MONOHIDRATADOCAJA UNA JERINGA PRECARGADA 3 MG/ 3 ML,0,0,-
2014-12-30,PEMEX1,392,IBUPROFENO,IBUPROFENOFRASCO SUSPENSION 100 ML 100 MG/5 ML,0,0,-
2014-12-30,PEMEX1,393,IBUPROFENO,IBUPROFENOCAJA 45 GRAGEAS 800 MG,0,0,-
2014-12-30,PEMEX1,394,IBUPROFENO,IBUPROFENOCAJA CON 10 CAPSULAS  TABLETAS O COMPRIMIDOS 400 MG,0,0,-
2014-12-30,PEMEX1,395,IMATINIB MESILATO DE,IMATINIB MESILATO DECAJA CON 60 COMPRIMIDOS 100MG,0,0,-
2014-12-30,PEMEX1,396,IMIPRAMINA CLORHIDRATO DE,IMIPRAMINA CLORHIDRATO DECAJA CON 20 GRAGEAS 25 MG,0,0,-
2014-12-30,PEMEX1,397,IMIQUIMOD,IMIQUIMODCAJA CON 12 SOBRES CREMA 5 % 12.5 MG / 250 MG,0,0,-
2014-12-30,PEMEX1,398,INDACATEROL MALEATO,INDACATEROL MALEATOCAJA CON 30 CAPSULAS INHALABLES 150MCG Y DISPOSITIVO INHALADOR,0,0,-
2014-12-30,PEMEX1,399,INDACATEROL MALEATO,INDACATEROL MALEATOCAJA CON 30 CAPSULAS INHALABLES 300MCG Y DISPOSITIVO INHALADOR,0,0,-
2014-12-30,PEMEX1,400,INDOMETACINA,INDOMETACINACAJA CON 28 CAPSULAS 50 MG,0,0,-
2014-12-30,PEMEX1,401,INDOMETACINA,INDOMETACINACAJA CON 30 CAPSULAS 25 MG,0,0,-
2014-12-30,PEMEX1,402,INDOMETACINA,INDOMETACINACAJA 15 SUPOSITORIOS 100 MG,0,0,-
2014-12-30,PEMEX1,403,INFLIXIMAB,INFLIXIMABCAJA CON FRASCO POLVO LIOF 100MG 20ML,0,0,-
2014-12-30,PEMEX1,404,INSULINA GLARGINA (INSULINA HUMANA),INSULINA GLARGINA (INSULINA HUMANA)FRASCO AMPULA 10 ML 3.64 MG/ML 100 UI,0,0,-
2014-12-30,PEMEX1,405,INSULINA LISPRO (ORIGEN ADN RECOMBINANTE),INSULINA LISPRO (ORIGEN ADN RECOMBINANTE)FRASCO AMPULA 10 ML 100 UI/ ML,0,0,-
2014-12-30,PEMEX1,406,INSULINA LISPRO (ORIGEN ADN RECOMBINANTE) / INSULINA LISPRO PROTAMINA (ORIGEN ADN RECOMBINANTE),INSULINA LISPRO (ORIGEN ADN RECOMBINANTE) / INSULINA LISPRO PROTAMINA (ORIGEN ADN RECOMBINANTE)FRASCO AMPULA 10 ML 25 UI/75 UI 100 UI/ML,0,0,-
2014-12-30,PEMEX1,407,INSULINA ZINC HUMANA (ORIGEN ADN RECOMBINANTE),INSULINA ZINC HUMANA (ORIGEN ADN RECOMBINANTE)FRASCO AMPULA 10 ML 100 UI/ML ACCION RAPIDA,0,0,-
2014-12-30,PEMEX1,408,INSULINA ZINC ISOFANA HUMANA (ORIGEN ADN RECOMBINANTE),INSULINA ZINC ISOFANA HUMANA (ORIGEN ADN RECOMBINANTE)FRASCO AMPULA 10 ML 100 UI/ML NPH,0,0,-
2014-12-30,PEMEX1,409,INSULINA ZINC ISOFANA HUMANA (ORIGEN ADN RECOMBINANTE) / INSULINA ZINC HUMANA (ORIGEN ADN RECOMBINANTE),INSULINA ZINC ISOFANA HUMANA (ORIGEN ADN RECOMBINANTE) / INSULINA ZINC HUMANA (ORIGEN ADN RECOMBINANTE)FRASCO AMPULA 10 ML 70 UI/30 UI,0,0,-
2014-12-30,PEMEX1,410,INTERFERON BETA 1-A,INTERFERON BETA 1-A CAJA CON JERINGA PRELLENADA O VIAL CON DILUYENTE 6 000 000 UI 30 MCG,0,0,-
2014-12-30,PEMEX1,411,INTERFERON BETA 1-B,INTERFERON BETA 1-BCAJA 15 FRASCOS 8 000 000 UI 0.25MG,0,0,-
2014-12-30,PEMEX1,412,IPRATROPIO BROMURO DE,IPRATROPIO BROMURO DEFRASCO SUSPENSION AEROSOL 10 ML 0.286 MG/ G 200 DOSIS,0,0,-
2014-12-30,PEMEX1,413,IPRATROPIO BROMURO DE-FENOTEROL BROMHIDRATO DE,IPRATROPIO BROMURO DE-FENOTEROL BROMHIDRATO DEFRASCO AEROSOL 10 ML (200 DOSIS) 0.394 MG/0.938 MG/1 G,0,0,-
2014-12-30,PEMEX1,414,IPRATROPIO MONOHIDRATADO BROMURO DE,IPRATROPIO MONOHIDRATADO BROMURO DEFRASCO SOLUCION 20 ML 250 MCG/ML,0,0,-
2014-12-30,PEMEX1,415,IRBESARTAN,IRBESARTANCAJA CON 28 TABLETAS 150 MG,0,0,-
2014-12-30,PEMEX1,416,IRBESARTAN,IRBESARTANCAJA CON 28 TABLETAS 300 MG,0,0,-
2014-12-30,PEMEX1,417,IRBESARTAN-HIDROCLOROTIAZIDA,IRBESARTAN-HIDROCLOROTIAZIDACAJA CON 14 TABLETAS 300 MG/12.5 MG,0,0,-
2014-12-30,PEMEX1,418,IRBESARTAN-HIDROCLOROTIAZIDA,IRBESARTAN-HIDROCLOROTIAZIDACAJA CON 14 TABLETAS 150 MG/12.5 MG,0,0,-
2014-12-30,PEMEX1,419,ISOCONAZOL NITRATO DE,ISOCONAZOL NITRATO DECAJA CON 1 OVULO 600 MG,0,0,-
2014-12-30,PEMEX1,420,ISOCONAZOL NITRATO DE,ISOCONAZOL NITRATO DETUBO CREMA VAGINAL 40 G 1 G/100 G,0,0,-
2014-12-30,PEMEX1,421,ISONIAZIDA-RIFAMPICINA-PIRAZINAMIDA,ISONIAZIDA-RIFAMPICINA-PIRAZINAMIDACAJA CON 24 GRAGEAS 75/150/400 MG,0,0,-
2014-12-30,PEMEX1,422,ISOSORBIDE DINITRATO,ISOSORBIDE DINITRATOFRASCO SOLUCION ATOMIZADOR 18.8 ML 2.51 G/100 ML,0,0,-
2014-12-30,PEMEX1,423,ISOSORBIDE DINITRATO,ISOSORBIDE DINITRATOCAJA CON 40 TABLETAS SUBLINGUAL 5 MG,0,0,-
2014-12-30,PEMEX1,424,ISOSORBIDE DINITRATO,ISOSORBIDE DINITRATOCAJA CON 40 CAPSULAS LIBERACION PROLONGADA 40 MG,0,0,-
2014-12-30,PEMEX1,425,ISOSORBIDE DINITRATO,ISOSORBIDE DINITRATOCAJA CON 20 TABLETAS 10 MG,0,0,-
2014-12-30,PEMEX1,426,ISOSORBIDE MONONITRATO-5,ISOSORBIDE MONONITRATO-5CAJA CON 20 TABLETAS DE LIBERACION PROLONGADA 60 MG,0,0,-
2014-12-30,PEMEX1,427,ISOTIPENDILO CLORHIDRATO DE,ISOTIPENDILO CLORHIDRATO DETUBO JALEA 25 G 0.75 G / 100 G,0,0,-
2014-12-30,PEMEX1,428,ISOTRETINOINA,ISOTRETINOINACAJA CON 30 CAPSULAS 10 MG,0,0,-
2014-12-30,PEMEX1,429,ISOTRETINOINA,ISOTRETINOINACAJA CON 30 CAPSULAS 20 MG,0,0,-
2014-12-30,PEMEX1,430,ITRACONAZOL,ITRACONAZOLCAJA CON 15 CAPSULAS 100 MG,0,0,-
2014-12-30,PEMEX1,431,ITRACONAZOL MICROGRANULOS-SECNIDAZOL,ITRACONAZOL MICROGRANULOS-SECNIDAZOLCAJA CON 12 CAPSULAS 33.3/166.6 MG,0,0,-
2014-12-30,PEMEX1,432,IVERMECTINA,IVERMECTINACAJA 2 TABLETAS 6 MG,0,0,-
2014-12-30,PEMEX1,433,KETANSERINA,KETANSERINATUBO GEL 78 G 2%,0,0,-
2014-12-30,PEMEX1,434,KETANSERINA/METRONIDAZOL/MICONAZOL NITRATO DE,KETANSERINA/METRONIDAZOL/MICONAZOL NITRATO DECAJA CON 10 OVULOS 36/500/100 MG,0,0,-
2014-12-30,PEMEX1,435,KETOCONAZOL,KETOCONAZOLFRASCO SHAMPOO 120 ML 20 MG / ML,0,0,-
2014-12-30,PEMEX1,436,KETOCONAZOL,KETOCONAZOLTUBO CREMA 40 G 2 G/100 G,0,0,-
2014-12-30,PEMEX1,437,KETOCONAZOL,KETOCONAZOLCAJA CON 5 OVULOS 400 MG,0,0,-
2014-12-30,PEMEX1,438,KETOPROFENO,KETOPROFENOCAJA CON 6 AMPULAS 2 ML 100 MG,0,0,-
2014-12-30,PEMEX1,439,KETOROLACO TROMETAMINA,KETOROLACO TROMETAMINACAJA CON 3 AMPULAS 1 ML 30 MG,0,0,-
2014-12-30,PEMEX1,440,KETOROLACO TROMETAMINA,KETOROLACO TROMETAMINACAJA CON 10 TABLETAS 10 MG,0,0,-
2014-12-30,PEMEX1,441,KETOROLACO TROMETAMINA,KETOROLACO TROMETAMINACAJA CON 4 TABLETAS SUBLINGUALES 30 MG,0,0,-
2014-12-30,PEMEX1,442,KETOTIFENO,KETOTIFENOFRASCO JARABE 100 ML 20 MG,0,0,-
2014-12-30,PEMEX1,443,KETOTIFENO FUMARATO ACIDO DE,KETOTIFENO FUMARATO ACIDO DECAJA CON 30 COMPRIMIDOS 1 MG,0,0,-
2014-12-30,PEMEX1,444,L ORNITINA  L ASPARTATO,L ORNITINA  L ASPARTATOCAJA CON 30 SOBRES DE 3 G,0,0,-
2014-12-30,PEMEX1,445,LACTATO GLUCONATO DE CALCIO-CARBONATO DE CALCIO,LACTATO GLUCONATO DE CALCIO-CARBONATO DE CALCIOCAJA CON 12 COMPRIMIDOS EFERVESCENTES 500 MG,0,0,-
2014-12-30,PEMEX1,446,LACTULOSA,LACTULOSAFRASCO JARABE 125 ML 66.66 G / 100 ML,0,0,-
2014-12-30,PEMEX1,447,LAMIVUDINA,LAMIVUDINACAJA CON 60 TABLETAS 150MG,0,0,-
2014-12-30,PEMEX1,448,LAMOTRIGINA,LAMOTRIGINACAJA CON 28 TABLETAS 25 MG,0,0,-
2014-12-30,PEMEX1,449,LAMOTRIGINA,LAMOTRIGINACAJA CON 28 TABLETAS 100 MG,0,0,-
2014-12-30,PEMEX1,450,LATANOPROST,LATANOPROSTFRASCO GOTAS OFTALMICAS SOLUCION 2.5 ML 50 MCG/ML,0,0,-
2014-12-30,PEMEX1,451,LATANOPROST-TIMOLOL MALEATO DE,LATANOPROST-TIMOLOL MALEATO DEFRASCO GOTAS OFTALMICAS SOLUCION 2.5 ML 50 MCG/6.83 MG/ML,0,0,-
2014-12-30,PEMEX1,452,LECARNIDIPINO CLORHIDRATO DE,LECARNIDIPINO CLORHIDRATO DECAJA CON 30 TABLETAS 10 MG,0,0,-
2014-12-30,PEMEX1,453,LEFLUNOMIDA,LEFLUNOMIDACAJA CON 3 COMPRIMIDOS 100 MG,0,0,-
2014-12-30,PEMEX1,454,LEFLUNOMIDA,LEFLUNOMIDACAJA CON 30 COMPRIMIDOS 20 MG,0,0,-
2014-12-30,PEMEX1,455,LETROZOL,LETROZOLCAJA CON 30 GRAGEAS 2.5 MG,0,0,-
2014-12-30,PEMEX1,456,LEUPROLIDE ACETATO DE,LEUPROLIDE ACETATO DECAJA CON 1 FRASCO AMPULA DE 2.8 ML CON 5 MG/ML 14 JERINGAS,0,0,-
2014-12-30,PEMEX1,457,LEUPROLIDE ACETATO DE (MICROESFERAS LIOFILIZADAS),LEUPROLIDE ACETATO DE (MICROESFERAS LIOFILIZADAS)FRASCO AMPULA 2 ML 3.75 MG LIOFILIZADO DILUYENTE 2 ML,0,0,-
2014-12-30,PEMEX1,458,LEUPROLIDE ACETATO DE (MICROESFERAS LIOFILIZADAS),LEUPROLIDE ACETATO DE (MICROESFERAS LIOFILIZADAS)CAJA CON 1 FRASCO AMPULA DE 2.0 ML CON 11.25 MG,0,0,-
2014-12-30,PEMEX1,459,LEVAMISOL CLORHIDRATO DE,LEVAMISOL CLORHIDRATO DECAJA CON 2 TABLETAS 50 MG,0,0,-
2014-12-30,PEMEX1,460,LEVETIRACETAM,LEVETIRACETAMCAJA CON 60 TABLETAS 500 MG,0,0,-
2014-12-30,PEMEX1,461,LEVETIRACETAM,LEVETIRACETAMFRASCO SOLUCION 150 ML 100 MG/ML,0,0,-
2014-12-30,PEMEX1,462,LEVO TETRAHYDROLIPSTATIN (ORLISTAT),LEVO TETRAHYDROLIPSTATIN (ORLISTAT)CAJA CON 21 CAPSULAS 120 MG,0,0,-
2014-12-30,PEMEX1,463,LEVOCARNITINA,LEVOCARNITINAFRASCO SOLUCION 120 ML 10%,0,0,-
2014-12-30,PEMEX1,464,LEVOCARNITINA,LEVOCARNITINACAJA CON 20 TABLETAS MASTICABLES 1 G,0,0,-
2014-12-30,PEMEX1,465,LEVOCARNITINA,LEVOCARNITINAFRASCO SOLUCION 60 ML 30%,0,0,-
2014-12-30,PEMEX1,466,LEVOCETIRIZINA,LEVOCETIRIZINAFRASCO SOLUCION INFANTIL 150 ML 50 MG/100 ML,0,0,-
2014-12-30,PEMEX1,467,LEVOCETIRIZINA,LEVOCETIRIZINACAJA CON 10 TABLETAS 5 MG,0,0,-
2014-12-30,PEMEX1,468,LEVODOPA-BENSERACIDA CLORHIDRATO DE,LEVODOPA-BENSERACIDA CLORHIDRATO DEFRASCO 100 COMPRIMIDOS 100/25 MG,0,0,-
2014-12-30,PEMEX1,469,LEVODOPA-CARBIDOPA,LEVODOPA-CARBIDOPACAJA CON 100 TABLETAS 250/25 MG,0,0,-
2014-12-30,PEMEX1,470,LEVODOPA-CARBIDOPA-ENTACAPONE,LEVODOPA-CARBIDOPA-ENTACAPONECAJA CON 30 TABLETAS 100/25/ 200 MG,0,0,-
2014-12-30,PEMEX1,471,LEVODROPROPIZINA,LEVODROPROPIZINAFRASCO JARABE 120 ML 600 MG,0,0,-
2014-12-30,PEMEX1,472,LEVOFLOXACINO HEMIHIDRATADO,LEVOFLOXACINO HEMIHIDRATADOCAJA CON 7 TABLETAS 500 MG,0,0,-
2014-12-30,PEMEX1,473,LEVOTIROXINA SODICA,LEVOTIROXINA SODICACAJA CON 50 TABLETAS 75 MCG,0,0,-
2014-12-30,PEMEX1,474,LEVOTIROXINA SODICA,LEVOTIROXINA SODICACAJA CON 50 TABLETAS 100 MCG,0,0,-
2014-12-30,PEMEX1,475,LEVOTIROXINA SODICA-LIOTIRONINA SODICA,LEVOTIROXINA SODICA-LIOTIRONINA SODICACAJA CON 50 TABLETAS 100/20 MCG,0,0,-
2014-12-30,PEMEX1,476,LIDOCAINA,LIDOCAINAFRASCO SOLUCION SPRAY 10% 115 ML,0,0,-
2014-12-30,PEMEX1,477,LINEZOLID,LINEZOLIDCAJA CON 10 TABLETAS 600 MG,0,0,-
2014-12-30,PEMEX1,478,LISADO BACTERIANOS HAEMOLYTICUS INFLUENZAE-STAPHYLOCOCCUSS AUREUS-MORAXELLA CATARRHALIS-KLEBSIELLA PNEUMONIAE-DIPLOCOCCUS PNEUMONIAE- STREPTOCOCCUS PYOGENES-STREPTOCOCCUS AGALACTIAE-STREPTOCOCCUS DYSGALACTIAE-STREPTOCOCCUS ANGINOSUS,LISADO BACTERIANOS HAEMOLYTICUS INFLUENZAE-STAPHYLOCOCCUSS AUREUS-MORAXELLA CATARRHALIS-KLEBSIELLA PNEUMONIAE-DIPLOCOCCUS PNEUMONIAE- STREPTOCOCCUS PYOGENES-STREPTOCOCCUS AGALACTIAE-STREPTOCOCCUS DYSGALACTIAE-STREPTOCOCCUS ANGINOSUSCAJA CON 10 AMPULAS (CADA CEPA 6X10 8 BACTERIAS)/3 ML,0,0,-
2014-12-30,PEMEX1,479,LISADO STAPHYLOCOCCUS AUREUS-STAPHYLOCOCCUS MITIS-STAPHYLOCOCCUS PYOGENES-STAPHYLOCOCCUS PNEUMONIAE-KLEBSIELLA PNEUMONIAE- BRANHAMELLA CATARRHALIS-HAEMOPHILUS INFLUENZAE,LISADO STAPHYLOCOCCUS AUREUS-STAPHYLOCOCCUS MITIS-STAPHYLOCOCCUS PYOGENES-STAPHYLOCOCCUS PNEUMONIAE-KLEBSIELLA PNEUMONIAE- BRANHAMELLA CATARRHALIS-HAEMOPHILUS INFLUENZAECAJA CON 28 COMPRIMIDOS (CADA CEPA 1 X 10 9 BACTERIAS)/ COMPRIMIDOS,0,0,-
2014-12-30,PEMEX1,480,LISINOPRIL,LISINOPRILCAJA CON 30 TABLETAS 10 MG,0,0,-
2014-12-30,PEMEX1,481,LISINOPRIL-HIDROCLOROTIAZIDA,LISINOPRIL-HIDROCLOROTIAZIDACAJA CON 14 TABLETAS 20/12.5 MG,0,0,-
2014-12-30,PEMEX1,482,LITIO CARBONATO DE,LITIO CARBONATO DECAJA CON 50 TABLETAS 300 MG,0,0,-
2014-12-30,PEMEX1,483,LOMIFILINA-DIHIDROERGOCRISTINA MESILATO DE,LOMIFILINA-DIHIDROERGOCRISTINA MESILATO DECAJA CON 30 GRAGEAS 80/0.8 MG,0,0,-
2014-12-30,PEMEX1,484,LOPERAMIDA CLORHIDRATO DE,LOPERAMIDA CLORHIDRATO DECAJA CON 12 GRAGEAS 2 MG,0,0,-
2014-12-30,PEMEX1,485,LORATADINA,LORATADINAFRASCO JARABE 60 ML 5 MG/5 ML,0,0,-
2014-12-30,PEMEX1,486,LORATADINA,LORATADINACAJA CON 10 TABLETAS 10 MG,0,0,-
2014-12-30,PEMEX1,487,LORATADINA,LORATADINAFRASCO SOLUCION GOTAS PEDIATRICO 30 ML 100 MG / 100 ML,0,0,-
2014-12-30,PEMEX1,488,LORATADINA /FENILEFRINA,LORATADINA /FENILEFRINACAJA CON 10 CAPSULAS 5 / 20 MG,0,0,-
2014-12-30,PEMEX1,489,LORATADINA /FENILEFRINA,LORATADINA /FENILEFRINAFRASCO JARABE 60 ML 1/ 4 MG,0,0,-
2014-12-30,PEMEX1,490,LORAZEPAM,LORAZEPAMCAJA CON 40 TABLETAS 2 MG,0,0,-
2014-12-30,PEMEX1,491,LOSARTAN POTASICO,LOSARTAN POTASICOCAJA CON 30 COMPRIMIDOS 50 MG,0,0,-
2014-12-30,PEMEX1,492,LOSARTAN POTASICO-HIDROCLOROTIAZIDA,LOSARTAN POTASICO-HIDROCLOROTIAZIDACAJA CON 15 GRAGEAS 50/12.5 MG,0,0,-
2014-12-30,PEMEX1,493,LOSARTAN POTASICO-HIDROCLOROTIAZIDA,LOSARTAN POTASICO-HIDROCLOROTIAZIDACAJA CON 15 GRAGEAS 100/25 MG,0,0,-
2014-12-30,PEMEX1,494,MACROGOL 3350,MACROGOL 3350CAJA CON 15 SOBRES 17 G POLVO,0,0,-
2014-12-30,PEMEX1,495,MACROGOL 3350-BICARBONATO DE SODIO-CLORURO DE SODIO-CLORURO DE POTASIO,MACROGOL 3350-BICARBONATO DE SODIO-CLORURO DE SODIO-CLORURO DE POTASIOCAJA CON 4 SOBRES 109.6 G POLVO 105/1.43/2.80/0.37 G,0,0,-
2014-12-30,PEMEX1,,MALEATO DE ROSIGLITAZONA EQUIVALENTE A DE ROSIGLITAZONA / CLORHIDRATO DE,,0,0,-
2014-12-30,PEMEX1,496,METFORMINA,,0,0,-
2014-12-30,PEMEX1,497,MALEATO DE ROSIGLITAZONA EQUIVALENTE A DE ROSIGLITAZONA / CLORHIDRATO DE METFORMINA,,0,0,-
2014-12-30,PEMEX1,498,MALEATO DE ROSIGLITAZONA EQUIVALENTE A DE ROSIGLITAZONA / CLORHIDRATO DE METFORMINA,,0,0,-
2014-12-30,PEMEX1,499,MALEATO HIDROGENADO DE TEGASEROD EQUIVALENTE A TEGASEROD,,0,0,-
2014-12-30,PEMEX1,500,MAPROTILINA CLORHIDRATO DE,,0,0,-
2014-12-30,PEMEX1,501,MECLIZINA CLORHIDRATO DE / PIRIDOXINA CLORHIDRATO DE / LIDOCAINA,,0,0,-
2014-12-30,PEMEX1,502,MECLIZINA CLORHIDRATO DE-PIRIDOXINA CLORHIDRATO DE,,0,0,-
2014-12-30,PEMEX1,503,MECLIZINA CLORHIDRATO DE-PIRIDOXINA CLORHIDRATO DE,,0,0,-
2014-12-30,PEMEX1,504,MECLIZINA CLORHIDRATO DE-PIRIDOXINA CLORHIDRATO DE,,0,0,-
2014-12-30,PEMEX1,505,MEDROXIPROGESTERONA ACETATO DE,,0,0,-
2014-12-30,PEMEX1,506,MEFENAMICO ACIDO,,0,0,-
2014-12-30,PEMEX1,507,MELFALAN,,0,0,-
2014-12-30,PEMEX1,508,MELOXICAM,,0,0,-
2014-12-30,PEMEX1,509,MELOXICAM,,0,0,-
2014-12-30,PEMEX1,510,MELOXICAM/CARISOPRODOL,,0,0,-
2014-12-30,PEMEX1,511,MEMANTINA CLORHIDRATO DE,,0,0,-
2014-12-30,PEMEX1,512,MENADIONA BISULFITO SODICO DE (VITAMINA K3),,0,0,-
2014-12-30,PEMEX1,513,MERCAPTOPURINA,,0,0,-
2014-12-30,PEMEX1,514,MESALAZINA,,0,0,-
2014-12-30,PEMEX1,515,MESALAZINA,,0,0,-
2014-12-30,PEMEX1,516,MESALAZINA,,0,0,-
2014-12-30,PEMEX1,517,METAMIZOL SODICO,,0,0,-
2014-12-30,PEMEX1,518,METAMIZOL SODICO,,0,0,-
2014-12-30,PEMEX1,519,METAMIZOL SODICO,,0,0,-
2014-12-30,PEMEX1,520,METANSULFONATO DE REBOTEXINA,,0,0,-
2014-12-30,PEMEX1,521,METFORMINA CLORHIDRATO DE,,0,0,-
2014-12-30,PEMEX1,522,METFORMINA CLORHIDRATO DE,,0,0,-
2014-12-30,PEMEX1,523,METILERITROMICINA -6-O (CLARITROMICINA),,0,0,-
2014-12-30,PEMEX1,524,METILERITROMICINA -6-O (CLARITROMICINA),,0,0,-
2014-12-30,PEMEX1,525,METILERITROMICINA -6-O (CLARITROMICINA),,0,0,-
2014-12-30,PEMEX1,526,METILFENIDATO,,0,0,-
2014-12-30,PEMEX1,527,METILFENIDATO CLORHIDRATO DE,,0,0,-
2014-12-30,PEMEX1,528,METILFENIDATO CLORHIDRATO DE,,0,0,-
2014-12-30,PEMEX1,529,METILFENIDATO CLORHIDRATO DE,,0,0,-
2014-12-30,PEMEX1,530,METILFENIDATO CLORHIDRATO DE,,0,0,-
2014-12-30,PEMEX1,531,METILFENIDATO CLORHIDRATO DE,,0,0,-
2014-12-30,PEMEX1,532,METILPREDNISOLONA ACETATO DE,,0,0,-
2014-12-30,PEMEX1,533,METOCLOPRAMIDA MONOCLORHIDRATO DE,,0,0,-
2014-12-30,PEMEX1,534,METOCLOPRAMIDA CLORHIDRATO DE,,0,0,-
2014-12-30,PEMEX1,535,METOCLOPRAMIDA MONOCLORHIDRATO DE-BROMELINA-DIMETICONA/PANCREATINA- DEHIDROCOLATO DE SODIO.,,0,0,-
2014-12-30,PEMEX1,536,METOPROLOL SUCCINATO-HIDROCLORTIAZIDA,,0,0,-
2014-12-30,PEMEX1,537,METOPROLOL TARTRATO,,0,0,-
2014-12-30,PEMEX1,538,METOTREXATO,,0,0,-
2014-12-30,PEMEX1,539,METOTREXATO SODICO,,0,0,-
2014-12-30,PEMEX1,540,METOXIPSORALENO,,0,0,-
2014-12-30,PEMEX1,541,METRONIDAZOL,,0,0,-
2014-12-30,PEMEX1,542,METRONIDAZOL,,0,0,-
2014-12-30,PEMEX1,543,METRONIDAZOL,,0,0,-
2014-12-30,PEMEX1,544,METRONIDAZOL,,0,0,-
2014-12-30,PEMEX1,545,MICOFENOLATO DE MOFETILO,,0,0,-
2014-12-30,PEMEX1,546,MICONAZOL,,0,0,-
2014-12-30,PEMEX1,547,MIDAZOLAM MALEATO DE,,0,0,-
2014-12-30,PEMEX1,548,MINOCICLINA CLORHIDRATO DE,,0,0,-
2014-12-30,PEMEX1,549,MIRTAZAPINA,,0,0,-
2014-12-30,PEMEX1,550,MISOPROSTOL,,0,0,-
2014-12-30,PEMEX1,551,MOMETASONA FUROATO DE,,0,0,-
2014-12-30,PEMEX1,552,MOMETASONA MONOHIDRATADO FUROATO DE,,0,0,-
2014-12-30,PEMEX1,553,MONTELUKAST SODICO,,0,0,-
2014-12-30,PEMEX1,554,MONTELUKAST SODICO,,0,0,-
2014-12-30,PEMEX1,555,MOXIFLOXACINO CLORHIDRATO DE,,0,0,-
2014-12-30,PEMEX1,556,MUPIROCINA,,0,0,-
2014-12-30,PEMEX1,557,NAFAZOLINA,,0,0,-
2014-12-30,PEMEX1,558,NAFAZOLINA,,0,0,-
2014-12-30,PEMEX1,559,NAFAZOLINA,,0,0,-
2014-12-30,PEMEX1,560,NAFAZOLINA-SULFATO DE ZINC,,0,0,-
2014-12-30,PEMEX1,561,NAPROXENO-CARISOPRODOL,,0,0,-
2014-12-30,PEMEX1,562,NAPROXENO-PARACETAMOL,,0,0,-
2014-12-30,PEMEX1,563,NAPROXENO-PARACETAMOL,,0,0,-
2014-12-30,PEMEX1,564,NATAMICINA,,0,0,-
2014-12-30,PEMEX1,565,NEOMICINA SULFATO DE,,0,0,-
2014-12-30,PEMEX1,566,NEOMICINA-CAOLIN-PECTINA,,0,0,-
2014-12-30,PEMEX1,567,NEOMICINA-CAOLIN-PECTINA,,0,0,-
2014-12-30,PEMEX1,568,NICERGOLINA,,0,0,-
2014-12-30,PEMEX1,569,NICERGOLINA,,0,0,-
2014-12-30,PEMEX1,570,NIFEDIPINO,,0,0,-
2014-12-30,PEMEX1,571,NILUTAMIDA,,0,0,-
2014-12-30,PEMEX1,572,NIMESULIDE,,0,0,-
2014-12-30,PEMEX1,573,NIMODIPINA,,0,0,-
2014-12-30,PEMEX1,574,NISTATINA,,0,0,-
2014-12-30,PEMEX1,575,NITAZOXANIDA,,0,0,-
2014-12-30,PEMEX1,576,NITROFURANTOINA,,0,0,-
2014-12-30,PEMEX1,577,NITROFURAZONA(NITROFURAL),,0,0,-
2014-12-30,PEMEX1,578,NITROFURAZONA(NITROFURAL)-CENTELLA ASIATICA,,0,0,-
2014-12-30,PEMEX1,579,OCTREOTIDA ACETATO,,0,0,-
2014-12-30,PEMEX1,580,OFLOXACINA,,0,0,-
2014-12-30,PEMEX1,581,OLANZAPINA,,0,0,-
2014-12-30,PEMEX1,582,OLANZAPINA,,0,0,-
2014-12-30,PEMEX1,583,OLANZAPINA /CLORHIDRATO DE FLUOXETINA EQUIVALENTE,,0,0,-
2014-12-30,PEMEX1,584,OLOPATADINA CLORHIDRATO DE,,0,0,-
2014-12-30,PEMEX1,585,OMEPRAZOL,,0,0,-
2014-12-30,PEMEX1,586,ONDANSETRON CLORHIDRATO DIHIDRATADO DE,,0,0,-
2014-12-30,PEMEX1,587,ONDANSETRON CLORHIDRATO DIHIDRATADO DE,,0,0,-
2014-12-30,PEMEX1,588,ORCIPRENALINA SULFATO DE,,0,0,-
2014-12-30,PEMEX1,589,ORFENADRINA CITRATO DE-PARACETAMOL,,0,0,-
2014-12-30,PEMEX1,590,OXCARBAZEPINA,,0,0,-
2014-12-30,PEMEX1,591,OXCARBAZEPINA,,0,0,-
2014-12-30,PEMEX1,592,OXCARBAZEPINA,,0,0,-
2014-12-30,PEMEX1,593,OXIBUTININA CLORHIDRATO DE,,0,0,-
2014-12-30,PEMEX1,594,OXIDO DE ZINC,,0,0,-
2014-12-30,PEMEX1,595,OXIMETAZOLINA CLORHIDRATO DE,,0,0,-
2014-12-30,PEMEX1,596,OXIMETAZOLINA CLORHIDRATO DE,,0,0,-
2014-12-30,PEMEX1,597,OXOLAMINA  CITRATO DE,,0,0,-
2014-12-30,PEMEX1,598,PANCREATINA (LIPASA-AMILASA-PROTEASA),,0,0,-
2014-12-30,PEMEX1,599,PANCREATINA-DIMETICONA-EXTRACTO DE BILIS DE BUEY-CELULASA,,0,0,-
2014-12-30,PEMEX1,600,PANTOPRAZOL,,0,0,-
2014-12-30,PEMEX1,601,PARACETAMOL,,0,0,-
2014-12-30,PEMEX1,602,PARACETAMOL,,0,0,-
2014-12-30,PEMEX1,603,PARACETAMOL,,0,0,-
2014-12-30,PEMEX1,604,PARACETAMOL-CODEINA FOSFATO DE,,0,0,-
2014-12-30,PEMEX1,605,PARACETAMOL-DEXTROPROPOXIFENO CLORHIDRATO DE-DIAZEPAM,,0,0,-
2014-12-30,PEMEX1,606,PAROXETINA CLORHIDRATO DE,,0,0,-
2014-12-30,PEMEX1,607,PEGFILGRASTIM,,0,0,-
2014-12-30,PEMEX1,608,PEMETREXED DISODICO,,0,0,-
2014-12-30,PEMEX1,609,PENTOXIFILINA,,0,0,-
2014-12-30,PEMEX1,610,PERINDOPRIL,,0,0,-
2014-12-30,PEMEX1,611,PERMETRINA,,0,0,-
2014-12-30,PEMEX1,612,PEROXIDO BENZOILO-CLINDAMICINA FOSFATO DE,,0,0,-
2014-12-30,PEMEX1,613,PIDOTIMOD,,0,0,-
2014-12-30,PEMEX1,614,PILOCARPINA,,0,0,-
2014-12-30,PEMEX1,615,PIMECROLIMUS,,0,0,-
2014-12-30,PEMEX1,616,PINAVERIO BROMURO DE,,0,0,-
2014-12-30,PEMEX1,617,PIOGLITAZONA,,0,0,-
2014-12-30,PEMEX1,618,PIRACETAM,,0,0,-
2014-12-30,PEMEX1,619,PIRACETAM,,0,0,-
2014-12-30,PEMEX1,620,PIRIDOSTIGMINA BROMURO DE,,0,0,-
2014-12-30,PEMEX1,621,PIRIMETAMINA,,0,0,-
2014-12-30,PEMEX1,622,PIROXICAM,,0,0,-
2014-12-30,PEMEX1,623,PIROXICAM,,0,0,-
2014-12-30,PEMEX1,624,PLANTAGO PSILLIUM,,0,0,-
2014-12-30,PEMEX1,625,POLIACRILICO ACIDO,,0,0,-
2014-12-30,PEMEX1,626,POLICRESULENO,,0,0,-
2014-12-30,PEMEX1,627,POLICRESULENO-CINCOCAINA CLORHIDRATO,,0,0,-
2014-12-30,PEMEX1,628,POLIETILENGLICOL 400 / PROPILENGLICOL / HP GUAR,,0,0,-
2014-12-30,PEMEX1,629,POLIMALTOSADO FERRICO COMPLEJO,,0,0,-
2014-12-30,PEMEX1,630,POLIMALTOSADO FERRICO COMPLEJO,,0,0,-
2014-12-30,PEMEX1,631,POLIMALTOSADO FERRICO COMPLEJO-AC.FOLICO,,0,0,-
2014-12-30,PEMEX1,632,PRAMIPEXOL MONOHIDRATADO DICLORHIDRATO DE,,0,0,-
2014-12-30,PEMEX1,633,PRASTERONA ENANTATO DE-ESTRADIOL VALERATO DE,,0,0,-
2014-12-30,PEMEX1,634,PRAZOSINA,,0,0,-
2014-12-30,PEMEX1,635,PREDNISOLONA ACETATO DE,,0,0,-
2014-12-30,PEMEX1,636,PREDNISOLONA FOSFATO SODICO DE,,0,0,-
2014-12-30,PEMEX1,637,PREDNISONA,,0,0,-
2014-12-30,PEMEX1,638,PREDNISONA,,0,0,-
2014-12-30,PEMEX1,639,PREDNISONA,,0,0,-
2014-12-30,PEMEX1,640,PREGABALINA,,0,0,-
2014-12-30,PEMEX1,641,PREGABALINA,,0,0,-
2014-12-30,PEMEX1,642,PRIMIDONA,,0,0,-
2014-12-30,PEMEX1,643,PROGESTERONA,,0,0,-
2014-12-30,PEMEX1,644,PROGESTERONA,,0,0,-
2014-12-30,PEMEX1,645,PROGESTERONA,,0,0,-
2014-12-30,PEMEX1,646,PROMESTRIENO,,0,0,-
2014-12-30,PEMEX1,647,PROPAFENONA,,0,0,-
2014-12-30,PEMEX1,648,PROPAFENONA,,0,0,-
2014-12-30,PEMEX1,649,PROPRANOLOL,,0,0,-
2014-12-30,PEMEX1,650,PROPRANOLOL,,0,0,-
2014-12-30,PEMEX1,651,PRUCALOPRIDA,,0,0,-
2014-12-30,PEMEX1,652,QUETIAPINA  FUMARATO DE,,0,0,-
2014-12-30,PEMEX1,653,QUINAGOLIDA CLORHIDRATO DE,,0,0,-
2014-12-30,PEMEX1,654,QUINAGOLIDA CLORHIDRATO DE,,0,0,-
2014-12-30,PEMEX1,655,QUINAPRIL CLORHIDRATO DE,,0,0,-
2014-12-30,PEMEX1,656,QUINFAMIDA,,0,0,-
2014-12-30,PEMEX1,657,QUINFAMIDA,,0,0,-
2014-12-30,PEMEX1,658,RACECADOTRILO,,0,0,-
2014-12-30,PEMEX1,659,RALOXIFENO CLORHIDRATO DE,,0,0,-
2014-12-30,PEMEX1,660,RALTEGRAVIR POTASICO,,0,0,-
2014-12-30,PEMEX1,661,RAMIPRIL,,0,0,-
2014-12-30,PEMEX1,662,RAMIPRIL-HIDROCLOROTIAZIDA,,0,0,-
2014-12-30,PEMEX1,663,RANITIDINA CLORHIDRATO DE,,0,0,-
2014-12-30,PEMEX1,664,RANITIDINA CLORHIDRATO DE,,0,0,-
2014-12-30,PEMEX1,665,RASAGILINA,,0,0,-
2014-12-30,PEMEX1,666,RESORCINOL-CALAMINA,,0,0,-
2014-12-30,PEMEX1,667,RETINOL PALMITATO (VITAMINA A)-ERGOCALCIFEROL (VITAMINA D2) ACEITE DE HIGADO. BACALAO DEODOR.-BENZALCONIO CLORURO DE -OXIDO DE ZINC,,0,0,-
2014-12-30,PEMEX1,668,RETINOL PALMITATO (VITAMINA A)-ERGOCALCIFEROL(VITAMINA D2),,0,0,-
2014-12-30,PEMEX1,669,RETINOL PALMITATO (VITAMINA A)-ERGOCALCIFEROL(VITAMINA D2)-ASCORBICO ACIDO (VITAMINA C)-ASCORBATO SODIO (VITAMINA C),,0,0,-
2014-12-30,PEMEX1,670,RETINOL PALMITATO DE (VITAMINA A),,0,0,-
2014-12-30,PEMEX1,671,RIBAVIRINA,,0,0,-
2014-12-30,PEMEX1,672,RIFAMIPICINA-ISONIAZIDA,,0,0,-
2014-12-30,PEMEX1,673,RIFAMPICINA,,0,0,-
2014-12-30,PEMEX1,674,RIFAMPICINA-ISONIAZIDA,,0,0,-
2014-12-30,PEMEX1,675,RIFAMPICINA-ISONIAZIDA-PIRAZINAMIDA-ETAMBUTOL,,0,0,-
2014-12-30,PEMEX1,676,RIFAXIMINA,,0,0,-
2014-12-30,PEMEX1,677,RISEDRONATO SODICO,,0,0,-
2014-12-30,PEMEX1,678,RISPERIDONA,,0,0,-
2014-12-30,PEMEX1,679,RISPERIDONA,,0,0,-
2014-12-30,PEMEX1,680,RISPERIDONA,,0,0,-
2014-12-30,PEMEX1,681,RITONAVIR,,0,0,-
2014-12-30,PEMEX1,682,RITONAVIR-LOPINAVIR,,0,0,-
2014-12-30,PEMEX1,683,RIVAROXABAN,,0,0,-
2014-12-30,PEMEX1,684,RIVASTIGMINA TARTRATO DE,,0,0,-
2014-12-30,PEMEX1,685,RIVASTIGMINA TARTRATO DE,,0,0,-
2014-12-30,PEMEX1,686,ROSIGLITAZONA MALEATO DE,,0,0,-
2014-12-30,PEMEX1,687,ROSUVASTATINA CALCICA,,0,0,-
2014-12-30,PEMEX1,688,ROTIGOTINA,,0,0,-
2014-12-30,PEMEX1,689,SACARATO OXIDO FERRICO COMPLEJO DE,,0,0,-
2014-12-30,PEMEX1,690,SALBUTAMOL SULFATO - IPRATOPIO BROMURO,,0,0,-
2014-12-30,PEMEX1,691,SALBUTAMOL SULFATO DE,,0,0,-
2014-12-30,PEMEX1,692,SALBUTAMOL SULFATO DE,,0,0,-
2014-12-30,PEMEX1,693,SALBUTAMOL SULFATO DE,,0,0,-
2014-12-30,PEMEX1,694,SALBUTAMOL SULFATO DE,,0,0,-
2014-12-30,PEMEX1,695,SALBUTAMOL SULFATO DE-AMBROXOL CLORHIDRATO DE,,0,0,-
2014-12-30,PEMEX1,696,SALICILICO ACIDO,,0,0,-
2014-12-30,PEMEX1,697,SALMETEROL XINAFOATO DE /FLUTICASONA,,0,0,-
2014-12-30,PEMEX1,698,SALMETEROL XINAFOATO DE /FLUTICASONA,,0,0,-
2014-12-30,PEMEX1,699,SALMETEROL XINAFOATO DE/ FLUTICASONA,,0,0,-
2014-12-30,PEMEX1,700,SALMETEROL XINAFOATO DE/ FLUTICASONA,,0,0,-
2014-12-30,PEMEX1,701,SECNIDAZOL,,0,0,-
2014-12-30,PEMEX1,702,SENOSIDOS A-B (OBTENIDOS DE CASIA ACUTIFOLIA),,0,0,-
2014-12-30,PEMEX1,703,SENOSIDOS A-B CONCENTRADO DE SENOSIDOS AL 60%,,0,0,-
2014-12-30,PEMEX1,704,SERENOA REPENS / URTICA DIOICA,,0,0,-
2014-12-30,PEMEX1,705,SERTRALINA CLORHIDRATO DE,,0,0,-
2014-12-30,PEMEX1,706,SEVELAMERO,,0,0,-
2014-12-30,PEMEX1,707,SILDENAFIL CITRATO DE,,0,0,-
2014-12-30,PEMEX1,708,SIMVASTATINA,,0,0,-
2014-12-30,PEMEX1,709,SIROLIMUS,,0,0,-
2014-12-30,PEMEX1,710,SITAGLIPTINA / METFORMINA,,0,0,-
2014-12-30,PEMEX1,711,SOMATROPINA (HORMONA DEL CRECIMIENTO),,0,0,-
2014-12-30,PEMEX1,712,SOMATROPINA,,0,0,-
2014-12-30,PEMEX1,713,SUCRALFATO,,0,0,-
2014-12-30,PEMEX1,714,SULFADIAZINA DE PLATA MICRONIZADA,,0,0,-
2014-12-30,PEMEX1,715,SULFADIAZINA DE PLATA MICRONIZADA,,0,0,-
2014-12-30,PEMEX1,716,SULFASALAZINA,,0,0,-
2014-12-30,PEMEX1,717,SULFATO DE ATAZANAVIR,,0,0,-
2014-12-30,PEMEX1,718,SULFATO FERROSO,,0,0,-
2014-12-30,PEMEX1,719,SULPIRIDE,,0,0,-
2014-12-30,PEMEX1,720,SULPIRIDE-DIAZEPAM,,0,0,-
2014-12-30,PEMEX1,721,TACROLIMUS,,0,0,-
2014-12-30,PEMEX1,722,TACROLIMUS MONOHIDRATADO,,0,0,-
2014-12-30,PEMEX1,723,TACROLIMUS MONOHIDRATADO,,0,0,-
2014-12-30,PEMEX1,724,TADALAFIL,,0,0,-
2014-12-30,PEMEX1,725,TALIDOMIDA,,0,0,-
2014-12-30,PEMEX1,726,TAMOXIFENO CITRATO DE,,0,0,-
2014-12-30,PEMEX1,727,TAMSULOSINA CLORHIDRATO DE,,0,0,-
2014-12-30,PEMEX1,728,TELMISARTAN,,0,0,-
2014-12-30,PEMEX1,729,TELMISARTAN - HIDROCLOROTIAZIDA,,0,0,-
2014-12-30,PEMEX1,730,TEMOZOLOMIDA,,0,0,-
2014-12-30,PEMEX1,731,TEOFILINA,,0,0,-
2014-12-30,PEMEX1,732,TEOFILINA-MEPIRAMINA,,0,0,-
2014-12-30,PEMEX1,733,TERAZOSIN CLORHIDRATO DE,,0,0,-
2014-12-30,PEMEX1,734,TERBINAFINA CLORHIDRATO DE,,0,0,-
2014-12-30,PEMEX1,735,TERBUTALINA SULFATO DE-GUAIFENESINA,,0,0,-
2014-12-30,PEMEX1,736,TERIPARATIDA,,0,0,-
2014-12-30,PEMEX1,737,TESTOSTERONA ENANTATO DE,,0,0,-
2014-12-30,PEMEX1,738,TESTOSTERONA UNDECANOATO DE,,0,0,-
2014-12-30,PEMEX1,739,TETRACAINA CLORHIDRATO DE,,0,0,-
2014-12-30,PEMEX1,740,TETRACICLINA CLORHIDRATO DE,,0,0,-
2014-12-30,PEMEX1,741,TETRACICLINA CLORHIDRATO DE,,0,0,-
2014-12-30,PEMEX1,742,TETRAZEPAM,,0,0,-
2014-12-30,PEMEX1,743,TIAMAZOL,,0,0,-
2014-12-30,PEMEX1,744,TIAMINA / PIRIDOXINA / CIANOCOBALAMINA,,0,0,-
2014-12-30,PEMEX1,745,TIAMINA CLORHIDRATO / PIRIDOXINA CLORHIDRATO / CIANOCOBALAMINA,,0,0,-
2014-12-30,PEMEX1,746,TIAMINA-PIRIDOXINA-CIANOCOBALAMINA-BENCILICO ALCOHOL/DEXAMETASONA- LIDOCAINA,,0,0,-
2014-12-30,PEMEX1,747,TIAPROFENICO ACIDO,,0,0,-
2014-12-30,PEMEX1,748,TIBOLONA,,0,0,-
2014-12-30,PEMEX1,749,TIMOLOL MALEATO,,0,0,-
2014-12-30,PEMEX1,750,TIMOLOL MALEATO,,0,0,-
2014-12-30,PEMEX1,751,TIOCTICO ACIDO,,0,0,-
2014-12-30,PEMEX1,752,TIOFILINA / AMBROXOL CLORHIDRATO DE,,0,0,-
2014-12-30,PEMEX1,753,TIOTROPIO MONOHIDRATO BROMURO DE,,0,0,-
2014-12-30,PEMEX1,754,TIPRANAVIR,,0,0,-
2014-12-30,PEMEX1,755,TIZANIDINA CLORHIDRATO DE,,0,0,-
2014-12-30,PEMEX1,756,TOBRAMICINA,,0,0,-
2014-12-30,PEMEX1,757,TOBRAMICINA SULFATO DE,,0,0,-
2014-12-30,PEMEX1,758,TOBRAMICINA SULFATO DE-DEXAMETASONA,,0,0,-
2014-12-30,PEMEX1,759,TOBRAMICINA-DEXAMETASONA,,0,0,-
2014-12-30,PEMEX1,760,TOCOFEROL DL -ALFA ACETATO DE (VITAMINA E),,0,0,-
2014-12-30,PEMEX1,761,TOLNAFTATO,,0,0,-
2014-12-30,PEMEX1,762,TOLPERIZONA CLORHIDRATO DE-PARACETAMOL,,0,0,-
2014-12-30,PEMEX1,763,TOLTERODINA TARTRATO DE,,0,0,-
2014-12-30,PEMEX1,764,TOPIRAMATO,,0,0,-
2014-12-30,PEMEX1,765,TOPIRAMATO,,0,0,-
2014-12-30,PEMEX1,766,TRAMADOL CLORHIDRATO DE,,0,0,-
2014-12-30,PEMEX1,767,TRAMADOL CLORHIDRATO DE,,0,0,-
2014-12-30,PEMEX1,768,TRAMADOL CLORHIDRATO DE,,0,0,-
2014-12-30,PEMEX1,769,TRAMADOL CLORHIDRATO DE - KETOROLACO TROMETAMINA,,0,0,-
2014-12-30,PEMEX1,770,TRAVOPROST,,0,0,-
2014-12-30,PEMEX1,771,TRETINOINA (AC. RETINOICO),,0,0,-
2014-12-30,PEMEX1,772,TRIAMCINOLONA ACETONIDO DE,,0,0,-
2014-12-30,PEMEX1,773,TRIAZOLAM,,0,0,-
2014-12-30,PEMEX1,774,TRIAZOLAM,,0,0,-
2014-12-30,PEMEX1,775,TRIBENOSIDO-LIDOCAINA,,0,0,-
2014-12-30,PEMEX1,776,TRIBENOSIDO-LIDOCAINA CLORHIDRATO DE,,0,0,-
2014-12-30,PEMEX1,777,TRIHEXIFENIDILO CLORHIDRATO DE,,0,0,-
2014-12-30,PEMEX1,778,TRIMEBUTINA,,0,0,-
2014-12-30,PEMEX1,779,TRIMETOPRIMA-SULFAMETOXAZOL,,0,0,-
2014-12-30,PEMEX1,780,TRIMETOPRIMA-SULFAMETOXAZOL,,0,0,-
2014-12-30,PEMEX1,781,TRINITRATO DE GLICERILO,,0,0,-
2014-12-30,PEMEX1,782,TRINITRATO DE GLICERILO,,0,0,-
2014-12-30,PEMEX1,783,TRITICUM VULGARE EXTRACTO ACUOSO DE,,0,0,-
2014-12-30,PEMEX1,784,TROMANTADINA CLORHIDRATO DE,,0,0,-
2014-12-30,PEMEX1,785,TROPICAMIDA,,0,0,-
2014-12-30,PEMEX1,786,TROPICAMIDA-FENILEFRINA,,0,0,-
2014-12-30,PEMEX1,787,TROXERRUTINA-CUMARINA,,0,0,-
2014-12-30,PEMEX1,788,URSODEOXICOLICO ACIDO,,0,0,-
2014-12-30,PEMEX1,789,VALERIANA OFFICINALIS,,0,0,-
2014-12-30,PEMEX1,790,VALPROATO DE MAGNESIO,,0,0,-
2014-12-30,PEMEX1,791,VALPROATO DE MAGNESIO,,0,0,-
2014-12-30,PEMEX1,792,VALPROATO DE MAGNESIO,,0,0,-
2014-12-30,PEMEX1,793,VALPROATO DE MAGNESIO,,0,0,-
2014-12-30,PEMEX1,794,VALPROATO DE MAGNESIO,,0,0,-
2014-12-30,PEMEX1,795,VALPROATO DE MAGNESIO,,0,0,-
2014-12-30,PEMEX1,796,VALPROATO DE SODIO,,0,0,-
2014-12-30,PEMEX1,797,VALPROATO SEMISODICO EQUIVALENTE A DE ACIDO VALPROICO,,0,0,-
2014-12-30,PEMEX1,798,VALPROICO ACIDO,,0,0,-
2014-12-30,PEMEX1,799,VALSARTAN,,0,0,-
2014-12-30,PEMEX1,800,VALSARTAN,,0,0,-
2014-12-30,PEMEX1,801,VALSARTAN-HIDROCLOROTIAZIDA,,0,0,-
2014-12-30,PEMEX1,802,VALSARTAN-HIDROCLOROTIAZIDA,,0,0,-
2014-12-30,PEMEX1,803,VENLAFAXINA CLORHIDRATO DE,,0,0,-
2014-12-30,PEMEX1,804,VERALIPRIDE,,0,0,-
2014-12-30,PEMEX1,805,VERAPAMILO CLORHIDRATO DE,,0,0,-
2014-12-30,PEMEX1,806,VERAPAMILO CLORHIDRATO DE,,0,0,-
2014-12-30,PEMEX1,807,VIGABATRINA,,0,0,-
2014-12-30,PEMEX1,808,VILDAGLIPTINA/METFORMINA,,0,0,-
2014-12-30,PEMEX1,809,VINORELBINE BITARTRATO DE,,0,0,-
2014-12-30,PEMEX1,810,VITAMINAS Y MINERALES CON LISINA,,0,0,-
2014-12-30,PEMEX1,811,VITAMINAS  MINERALES-CALCIO,,0,0,-
2014-12-30,PEMEX1,812,VITAMINAS-MINERALES,,0,0,-
2014-12-30,PEMEX1,813,ZAFIRLUKAST,,0,0,-
2014-12-30,PEMEX1,814,ZIPRASIDONA CLORHIDRATO DE,,0,0,-
2014-12-30,PEMEX1,815,ZIPRASIDONA CLORHIDRATO DE,,0,0,-
2014-12-30,PEMEX1,816,ZOLEDRONICO ACIDO,,0,0,-
2014-12-30,PEMEX1,817,ZOLMITRIPTAN,,0,0,-
2014-12-30,PEMEX1,818,ZOLPIDEM HEMITARTRATO DE,,0,0,-
2014-12-30,PEMEX1,819,LACOSAMIDA,,0,0,-
2014-12-30,PEMEX1,820,LACOSAMIDA,,0,0,-
2014-12-30,PEMEX1,821,LACOSAMIDA,,0,0,-
2014-12-30,PEMEX1,822,CERTOLIZUMAB PEGOL,,0,0,-
